,ID,Resort,Latitude_x,Longitude_x,Country_x,Continent_x,Price,Season,Highest point,Lowest point,Beginner slopes,Intermediate slopes,Difficult slopes,Total slopes,Longest run,Snow cannons,Surface lifts,Chair lifts,Gondola lifts,Total lifts,Lift capacity,Child friendly,Snowparks,Nightskiing,Summer skiing,Resort Name,Continent_y,Country_y,State/Province,URL,Altitude,Easy,Intermediate ,Difficult,Aerial tramway/reversible ropeway,Circulating ropeway/gondola lift,Chairlift,T-bar lift/platter/button lift ,Rope tow/beginner lift,Sunkid Moving Carpet,Adult,Youth,Child,Ski resort size ,"Slope offering, variety of runs ",Lifts and cable cars ,Snow reliability ,Slope preparation ,"Access, on-site parking ","Orientation (trail map, information boards, sign-postings) ",Cleanliness and hygiene ,Environmentally friendly ski operation ,Friendliness of staff ,"Mountain restaurants, ski huts, gastronomy ",Après-ski ,Accommodation offering directly at the slopes and lifts ,Families and children ,Beginners ,"Advanced skiers, freeriders ",Snow parks ,Cross-country skiing and trails ,Combined installation (gondola and chair),People mover,Cog railway,Funicular,Helicopter for Heli-skiing,Snow caterpillars for Cat-skiing,harvesine_distance,Month,Latitude_y,Longitude_y,Snow
0,125,Sierra Nevada-Pradollano,37.0957512,-3.387885004,Spain,Europe,47,November - May,3282,2100,50,49,7,106,0,350,5,14,2,21,59205,Yes,Yes,Yes,No,sierra-nevada-pradollano,Europe,Spain,Andalusia (Andalucía),http://www.skiresort.info/ski-resort/sierra-nevada-pradollano/,3282,50.0,49.0,7.8,,0.0,0.0,0.0,,0.0,"€ 48,- ",€ 43.50,"€ 35,-",4.2,4.4,4.0,,,,,,,,,,,,,,,,,,,,,,4139.561373261732,2022-12-01,37.125,-3.125,3.54
1,411,Port del Comte,42.1694417,1.5696298,Spain,Europe,33,Unknown,2310,1745,20,15,5,40,0,0,11,5,0,16,13750,Yes,No,No,No,port-del-comte,Europe,Spain,Catalonia (Catalunya),http://www.skiresort.info/ski-resort/port-del-comte/,2310,20.0,15.0,5.0,,,0.0,0.0,0.0,,"€ 33,- ",0,€ 26.50,3.0,3.3,2.9,,,,,,,,,,,,,,,,,0.0,,,,,4691.666621059525,2022-11-01,41.625,-7.625,0.39
2,495,Puigmal,42.3950066,2.1088833,France,Europe,0,Unknown,2700,1830,9,15,7,31,0,0,11,2,0,13,11865,Yes,No,No,No,puigmal,Europe,France,Occitania,http://www.skiresort.info/ski-resort/puigmal/,2700,9.7,15.2,7.1,,,0.0,0.0,0.0,,0,0,0,2.8,3.1,2.2,,,,,,,,,,,,,,,,,,,,,,4718.834168582916,2022-12-01,42.375,-2.625,8.27
3,241,Cerler,42.5927404,0.5384221,Spain,Europe,42,December - April,2621,1505,35,27,14,76,0,0,10,9,0,19,20670,Yes,Yes,No,No,cerler,Europe,Spain,Aragon,http://www.skiresort.info/ski-resort/cerler/,2630,37.0,29.0,15.0,,,0.0,0.0,0.0,0.0,"€ 43,- ",0,€ 34.50,3.9,4.2,3.8,,,,,,,,,,,,,,,,,0.0,,,,,4736.402629275573,2022-11-01,41.875,-8.625,12.2
4,131,Formigal,42.7741349,-0.3608611,Spain,Europe,44,November - April,2251,1501,47,70,20,137,6,440,9,11,0,20,29450,Yes,Yes,No,No,formigal,Europe,Spain,Aragon,http://www.skiresort.info/ski-resort/formigal/,2251,47.0,70.0,20.0,,,0.0,0.0,,0.0,"€ 45,- ",0,"€ 36,-",4.0,5.0,4.0,4.0,5.0,3.0,5.0,4.0,3.0,4.0,4.0,4.0,2.0,4.0,5.0,5.0,4.0,1.0,,0.0,,,,,4756.403371369973,2022-01-01,42.625,-3.875,5.51
5,266,Piau Engaly,42.78020745,0.158613507,France,Europe,37,November - April,2560,1420,35,22,8,65,0,40,5,5,0,10,13615,Yes,Yes,No,No,piau-engaly,Europe,France,Occitania,http://www.skiresort.info/ski-resort/piau-engaly/,2528,35.0,22.0,8.0,,,0.0,0.0,0.0,,"€ 37,- ","€ 32,-","€ 32,-",3.6,3.9,3.5,,,,,,,,,,,,,,,,,,,,,,4756.968410568148,2022-01-01,42.625,-3.875,5.51
6,289,Peyragudes,42.7807436,0.45611311,France,Europe,40,December - April,2400,1600,30,26,4,60,0,230,8,9,0,17,22791,Yes,Yes,No,No,peyragudes,Europe,France,Occitania,http://www.skiresort.info/ski-resort/peyragudes/,2400,30.0,26.0,4.0,,,0.0,0.0,0.0,,€ 39.50 ,0,"€ 34,-",3.4,3.6,3.5,,,,,,,,,,,,,,,,,0.0,,,,,4757.219790853124,2022-01-01,42.625,-3.875,5.51
7,447,Guzet,42.7762455,1.3131615,France,Europe,31,December - March,2100,1100,20,14,6,40,0,100,11,4,0,15,11130,Yes,Yes,No,No,guzet,Europe,France,Occitania,http://www.skiresort.info/ski-resort/guzet/,2100,20.0,14.0,6.0,,,0.0,0.0,,,€ 31.50 ,0,€ 27.50,3.1,3.4,2.5,,,,,,,,,,,,,,,,,,,,,,4758.309605539724,2022-03-01,37.625,22.125,5.12
8,187,Saint-Lary-Soulan,42.816936,0.3219538,France,Europe,42,December - April,1600,812,60,30,10,100,3,290,17,11,3,31,38733,Yes,Yes,Yes,No,saint-lary-soulan,Europe,France,Occitania,http://www.skiresort.info/ski-resort/saint-lary-soulan/,2515,60.0,30.0,10.0,0.0,0.0,0.0,0.0,0.0,0.0,"€ 42,- ",€ 36.50,€ 36.50,4.0,4.3,3.3,,,,,,,,,,,,,,,,,,,,,,4761.134610475407,2022-03-01,37.375,22.625,19.69
9,311,Les Angles,43.0835762,0.0062129,France,Europe,38,November - April,2376,1600,22,23,10,55,0,363,15,4,1,20,21787,Yes,Yes,Yes,No,les-angles,Europe,France,Occitania,http://www.skiresort.info/ski-resort/les-angles/,2376,22.0,23.0,10.0,,0.0,0.0,0.0,,,"€ 39,- ",0,"€ 35,-",3.3,3.6,3.1,,,,,,,,,,,,,,,,,0.0,,,,,4790.675135193586,2022-03-01,42.375,8.625,2.36
10,173,Isola 2000,44.1869246,7.145441205,France,Europe,34,December - April,2603,1800,75,35,10,120,8,430,12,7,3,22,21807,Yes,Yes,Yes,No,isola-2000,Europe,France,Provence-Alpes-Côte d’Azur,http://www.skiresort.info/ski-resort/isola-2000/,2603,75.0,35.0,10.0,,0.0,0.0,0.0,,0.0,€ 34.50 ,"€ 29,-",€ 26.50,4.0,4.0,3.0,4.0,4.0,2.0,3.0,4.0,3.0,5.0,4.0,4.0,5.0,4.0,4.0,4.0,3.0,1.0,,,,0.0,,,4964.059235477365,2022-03-01,40.625,20.375,61.42
11,319,Riserva Bianca-Limone Piemonte,44.1853305,7.581660887,Italy,Europe,34,December - April,2060,1046,11,35,5,51,0,0,5,11,1,17,20655,Yes,No,No,No,riserva-bianca-limone-piemonte,Europe,Italy,Piedmont (Piemonte),http://www.skiresort.info/ski-resort/riserva-bianca-limone-piemonte/,2060,11.5,35.0,5.5,,0.0,0.0,0.0,,,"€ 34,- ",0,"€ 25,-",3.3,3.6,3.6,,,,,,,,,,,,,,,,,0.0,,,,,4970.225857404727,2022-03-01,40.125,21.625,1.97
12,268,Super Sauze,44.3578176,6.6855952,France,Europe,30,December - April,2450,1400,35,20,10,65,0,100,18,4,0,22,17948,Yes,Yes,No,No,super-sauze,Europe,France,Provence-Alpes-Côte d’Azur,http://www.skiresort.info/ski-resort/super-sauze/,2450,35.0,20.0,10.0,,,0.0,0.0,,,€ 29.50 ,€ 29.50,€ 23.50,3.6,3.9,2.7,,,,,,,,,,,,,,,,,,,,,,4976.51350255967,2022-04-01,44.625,3.875,7.09
13,59,Les Orres,44.5140024,6.5510313,France,Europe,35,December - April,2720,1550,30,60,10,100,0,190,11,9,0,20,21020,Yes,Yes,No,No,les-orres,Europe,France,Provence-Alpes-Côte d’Azur,http://www.skiresort.info/ski-resort/les-orres/,2720,30.0,60.0,10.0,,,0.0,0.0,,0.0,€ 35.50 ,0,€ 29.50,4.1,4.4,3.2,,,,,,,,,,,,,,,,,,,,,,4991.8999330680335,2022-12-01,44.375,7.625,19.69
14,286,Le Lioran,45.0912003,2.7503788,France,Europe,31,December - April,1850,1160,30,20,10,60,0,241,13,8,1,22,25195,Yes,Yes,Yes,No,le-lioran,Europe,France,Auvergne-Rhône-Alpes,http://www.skiresort.info/ski-resort/le-lioran/,1850,30.0,20.0,10.0,0.0,,0.0,0.0,0.0,,"€ 32,- ",€ 25.70,€ 21.90,3.4,3.7,3.0,,,,,,,,,,,,,,,,,,,,,,5021.224153597749,2022-03-01,44.875,5.625,1.57
15,142,Gresse en Vercors,44.9011374,5.5662216,France,Europe,19,December - March,1751,1245,8,7,5,20,0,51,10,1,0,11,6808,Yes,Yes,No,No,gresse-en-vercors,Europe,France,Auvergne-Rhône-Alpes,http://www.skiresort.info/ski-resort/gresse-en-vercors/,1751,8.0,7.0,5.0,,,0.0,0.0,0.0,0.0,"€ 20,- ",€ 17.80,€ 17.80,2.5,2.9,1.9,,,,,,,,,,,,,,,,,,,,,,5022.8522319296035,2022-12-01,44.625,7.875,12.2
16,310,Alpe du Grand-Serre-La Morte,45.0274177,5.8581966,France,Europe,27,December - March,2184,1367,36,17,2,55,0,0,12,3,0,15,13486,Yes,Yes,No,No,alpe-du-grand-serre-la-morte,Europe,France,Auvergne-Rhône-Alpes,http://www.skiresort.info/ski-resort/alpe-du-grand-serre-la-morte/,2184,36.0,17.0,2.0,,,0.0,0.0,0.0,,"€ 28,- ",€ 23.50,"€ 15,-",3.3,3.5,2.2,,,,,,,,,,,,,,,,,,,,,,5039.974771167967,2022-12-01,44.125,11.625,14.57
17,213,Chamrousse,45.1171487,5.893161879,France,Europe,34,December - April,2250,1400,45,35,10,90,0,78,8,7,1,16,24398,Yes,Yes,Yes,No,chamrousse,Europe,France,Auvergne-Rhône-Alpes,http://www.skiresort.info/ski-resort/chamrousse/,2250,45.0,35.0,10.0,,0.0,0.0,0.0,,0.0,€ 34.50 ,€ 28.50,"€ 22,-",3.9,4.2,3.8,,,,,,,,,,,,,,,,,,,,,,5050.243595227163,2022-01-01,44.375,10.875,11.81
18,335,Pragelato,45.0162171,6.9424531,Italy,Europe,0,December - April,2700,1335,14,32,4,50,0,0,4,1,0,5,3660,Yes,No,No,No,pragelato,Europe,Italy,Piedmont (Piemonte),http://www.skiresort.info/ski-resort/pragelato/,2700,14.0,32.0,4.0,,,0.0,0.0,,,0,0,0,3.3,3.5,2.4,,,,,,,,,,,,,,,,,,,,,,5052.091045888898,2022-01-01,45.375,2.625,0.39
19,186,Bardonecchia,45.078339,6.703205,Italy,Europe,36,December - April,2694,1312,54,38,8,100,0,0,13,9,1,23,27588,Yes,Yes,No,No,bardonecchia,Europe,Italy,Piedmont (Piemonte),http://www.skiresort.info/ski-resort/bardonecchia/,2694,54.0,38.0,8.0,,0.0,0.0,0.0,,,"€ 37,- ","€ 31,-","€ 5,-",4.1,4.3,3.1,,,,,,,,,,,,,,,,,0.0,,,,,5055.768735217303,2022-12-01,44.375,11.125,6.3
20,400,Albiez-Montrond,45.2174088,6.340903,France,Europe,25,December - April,2200,1500,25,7,3,35,0,0,8,5,0,13,10432,Yes,No,No,No,albiez-montrond,Europe,France,Auvergne-Rhône-Alpes,http://www.skiresort.info/ski-resort/albiez-montrond/,2200,25.0,7.0,3.0,,,0.0,0.0,,,€ 25.40 ,0,€ 20.80,2.9,3.1,2.7,,,,,,,,,,,,,,,,,0.0,,,,,5066.511643394345,2022-02-01,45.125,7.125,20.47
21,270,La Norma,45.1772565,6.7195145,France,Europe,29,December - April,2750,1350,17,43,5,65,0,126,7,5,1,13,13290,Yes,Yes,No,No,la-norma,Europe,France,Auvergne-Rhône-Alpes,http://www.skiresort.info/ski-resort/la-norma/,2750,17.0,43.0,5.0,,0.0,0.0,0.0,,,"€ 30,- ",0,"€ 24,-",3.6,3.8,3.3,,,,,,,,,,,,,,,,,,,,,,5066.828880364049,2022-02-01,45.125,7.125,20.47
22,367,SuperBesse-Puy de Sancy,45.506646,2.8594,France,Europe,32,December - April,1850,1300,30,9,4,43,0,299,16,5,1,22,21245,Yes,Yes,Yes,No,superbesse-puy-de-sancy,Europe,France,Auvergne-Rhône-Alpes,http://www.skiresort.info/ski-resort/superbesse-puy-de-sancy/,1850,30.0,9.0,4.0,,0.0,0.0,0.0,0.0,,€ 32.50 ,€ 26.80,€ 22.80,3.0,3.2,3.0,,,,,,,,,,,,,,,,,,,,,,5067.8966022419245,2022-01-01,41.375,21.125,21.65
23,288,Les Karellis,45.2285712,6.4064649,France,Europe,27,December - April,2520,1600,26,25,9,60,0,98,10,6,0,16,17452,Yes,Yes,No,No,les-karellis,Europe,France,Auvergne-Rhône-Alpes,http://www.skiresort.info/ski-resort/les-karellis/,2520,26.0,25.0,9.0,,,0.0,0.0,0.0,,"€ 28,- ",€ 22.50,"€ 20,-",3.4,3.7,3.1,,,,,,,,,,,,,,,,,,,,,,5068.535952079648,2022-12-01,37.125,28.625,0.39
24,313,Aussois,45.2275415,6.7413988,France,Europe,29,December - April,2750,1500,30,22,3,55,0,130,4,4,0,8,9228,Yes,Yes,No,No,aussois,Europe,France,Auvergne-Rhône-Alpes,http://www.skiresort.info/ski-resort/aussois/,2750,30.0,22.0,3.0,,,0.0,0.0,,,"€ 29,- ",0,€ 24.50,3.4,3.6,3.6,,,,,,,,,,,,,,,,,,,,,,5072.625848206995,2022-01-01,37.875,27.625,6.3
25,73,Bonneval sur Arc,45.3716864,7.0467945,France,Europe,28,December - April,3000,1850,13,11,1,25,0,0,8,3,0,11,8213,Yes,No,No,No,bonneval-sur-arc,Europe,France,Auvergne-Rhône-Alpes,http://www.skiresort.info/ski-resort/bonneval-sur-arc/,3000,13.0,11.0,1.0,,,0.0,0.0,,,"€ 28,- ",0,"€ 23,-",2.7,2.9,2.6,,,,,,,,,,,,,,,,,,,,,,5092.432560012189,2022-02-01,42.625,18.625,50.0
26,70,Sainte-Foy-Tarentaise,45.590355,6.8849094,France,Europe,31,December - April,2620,1550,10,25,6,41,0,10,2,4,0,6,7100,Yes,No,No,No,sainte-foy-tarentaise,Europe,France,Auvergne-Rhône-Alpes,http://www.skiresort.info/ski-resort/sainte-foy-tarentaise/,2620,10.0,25.0,6.0,,,0.0,,,,€ 31.50 ,0,€ 23.20,3.1,3.4,3.6,,,,,,,,,,,,,,,,,0.0,,,0.0,,5114.266399732595,2022-04-01,42.375,19.875,90.55
27,226,Le Grand Bornand,45.9418675,6.4271457,France,Europe,37,December - April,2100,1000,49,27,8,84,0,233,18,13,2,33,36904,Yes,Yes,Yes,No,le-grand-bornand,Europe,France,Auvergne-Rhône-Alpes,http://www.skiresort.info/ski-resort/le-grand-bornand/,2100,49.0,29.0,8.0,,0.0,0.0,0.0,0.0,,€ 36.50 ,"€ 29,-",€ 27.30,3.9,4.1,3.3,,,,,,,,,,,,,,,,,0.0,,,,,5147.135948285565,2022-03-01,41.875,21.875,1.18
28,328,Pila,45.7699441,8.0810802,Italy,Europe,42,November - April,1540,570,8,35,6,49,0,480,5,8,4,17,22154,Yes,Yes,No,No,pila,Europe,Italy,Aosta Valley (Valle d'Aosta),http://www.skiresort.info/ski-resort/pila/,2740,8.3,35.5,6.5,0.0,0.0,0.0,,,,"€ 42,- ",€ 29.50,€ 10.50,3.3,3.6,3.7,,,,,,,,,,,,,,,,,0.0,,,,,5150.684818412439,2022-02-01,43.125,18.875,50.0
29,128,Saas-Fee,46.107342,7.9247055,Switzerland,Europe,63,July - April,3573,1800,20,60,20,100,14,102,14,2,9,25,25160,Yes,Yes,No,Yes,saas-fee,Europe,Switzerland,Lemanic Region,http://www.skiresort.info/ski-resort/saas-fee/,3573,20.0,60.0,20.0,0.0,0.0,0.0,0.0,,0.0,"SFr. 73,- ","SFr. 61,-","SFr. 36,-",4.0,5.0,3.0,5.0,4.0,2.0,3.0,4.0,5.0,3.0,4.0,4.0,5.0,4.0,3.0,4.0,4.0,3.0,,,,0.0,,,5185.1817879133005,2022-10-01,46.625,0.875,3.15
30,290,Leysin,46.3438701,7.0148403,Switzerland,Europe,45,December - April,2205,1250,43,15,2,60,0,72,8,7,1,16,12980,Yes,Yes,No,No,leysin,Europe,Switzerland,Lemanic Region,http://www.skiresort.info/ski-resort/leysin/,2205,43.0,15.0,2.0,,0.0,0.0,0.0,0.0,0.0,"SFr. 52,- ","SFr. 47,-","SFr. 35,-",3.4,3.6,3.7,,,,,,,,,,,,,,,,,,,,,,5198.5531529432255,2022-11-01,42.625,21.375,2.76
31,358,Jahorina,43.7233441,18.59622766,Bosnia and Herzegovina,Europe,20,Unknown,1889,920,3,19,3,25,0,0,5,5,1,11,16230,Yes,No,Yes,No,jahorina,Europe,Bosnia and Herzegovina,Republika Srpska,http://www.skiresort.info/ski-resort/jahorina/,1889,3.0,19.0,3.0,,0.0,0.0,0.0,0.0,,"BAM 45,- ",0,"BAM 35,-",2.6,2.9,3.9,,,,,,,,,,,,,,,,,,,,,,5200.367618362012,2022-02-01,43.625,18.875,16.93
32,137,Crans-Montana,46.3304899,7.526435804,Switzerland,Europe,60,November - April,1510,540,55,70,15,140,12,0,12,6,5,23,29500,Yes,Yes,No,No,crans-montana,Europe,Switzerland,Lemanic Region,http://www.skiresort.info/ski-resort/crans-montana/,2927,55.0,70.0,15.0,,0.0,0.0,0.0,,0.0,"SFr. 69,- ","SFr. 52,-","SFr. 39,-",4.0,5.0,3.0,4.0,4.0,3.0,3.0,3.0,3.0,3.0,4.0,3.0,4.0,4.0,3.0,4.0,5.0,3.0,,,,0.0,,,5203.909271877901,2022-03-01,39.875,26.875,3.15
33,473,Torrent-Leukerbad,46.3728566,7.6541765,Switzerland,Europe,46,December - April,2610,1411,3,26,16,45,11,40,8,1,5,14,11390,Yes,Yes,No,No,torrent-leukerbad,Europe,Switzerland,Lemanic Region,http://www.skiresort.info/ski-resort/torrent-leukerbad/,2610,3.5,26.9,16.8,0.0,0.0,0.0,0.0,0.0,0.0,"SFr. 55,- ","SFr. 45,-","SFr. 35,-",3.0,4.0,3.0,4.0,4.0,2.0,3.0,3.0,3.0,3.0,3.0,2.0,3.0,3.0,3.0,3.0,2.0,3.0,,,,,,,5210.317982932449,2022-01-01,46.125,9.375,0.79
34,281,Belalp-Blatten,46.3648823,7.9796899,Switzerland,Europe,49,December - April,3118,1322,20,20,20,60,0,0,8,3,2,13,13640,Yes,Yes,No,No,belalp-blatten,Europe,Switzerland,Lemanic Region,http://www.skiresort.info/ski-resort/belalp-blatten/,3118,15.0,15.0,15.0,0.0,0.0,0.0,0.0,0.0,,"SFr. 56,- ","SFr. 48,-","SFr. 28,-",3.3,3.7,3.7,,,,,,,,,,,,,,,,,0.0,,,,,5214.100938927018,2022-03-01,41.125,24.875,0.39
35,86,Bansko,41.8344086,23.4841698,Bulgaria,Europe,30,December - April,2560,990,20,24,3,47,16,380,7,8,2,17,24233,Yes,Yes,Yes,No,bansko,Europe,Bulgaria,Blagoevgrad,http://www.skiresort.info/ski-resort/bansko/,2560,20.0,24.5,3.7,,0.0,0.0,0.0,,0.0,"BGN 58,- ","BGN 52,-","BGN 40,-",3.0,4.0,5.0,4.0,5.0,3.0,4.0,4.0,3.0,3.0,4.0,4.0,4.0,3.0,4.0,4.0,4.0,2.0,,0.0,,,,,5214.279801291725,2022-02-01,38.875,28.625,0.39
36,451,Bellwald,46.4237017,8.1599477,Switzerland,Europe,45,December - April,1600,1204,9,21,6,36,6,26,3,2,1,6,4620,Yes,Yes,No,No,bellwald,Europe,Switzerland,Lemanic Region,http://www.skiresort.info/ski-resort/bellwald/,2558,9.0,21.0,6.0,0.0,,0.0,0.0,,0.0,"SFr. 51,- ","SFr. 46,-","SFr. 36,-",3.0,3.0,3.0,5.0,5.0,3.0,3.0,4.0,4.0,4.0,3.0,3.0,3.0,4.0,4.0,4.0,3.0,1.0,,,,,,,5223.175834306036,2022-04-01,46.125,10.125,1.57
37,434,Lavarone,45.94128935,11.28863808,Italy,Europe,36,December - April,1650,1150,19,5,2,26,0,70,9,6,0,15,12040,Yes,No,No,No,lavarone,Europe,Italy,Trentino-Alto Adige (Trentino-Südtirol),http://www.skiresort.info/ski-resort/lavarone/,1650,19.7,5.4,2.2,,,0.0,0.0,,0.0,"€ 36,- ","€ 26,-","€ 20,-",2.7,2.9,2.9,,,,,,,,,,,,,,,,,,,,,,5226.655596335716,2022-12-01,45.875,11.625,34.65
38,330,Aprica,46.152697,10.151656,Italy,Europe,38,November - May,2270,1162,28,14,7,49,0,0,10,4,2,16,13965,Yes,Yes,No,No,aprica,Europe,Italy,Lombardy,http://www.skiresort.info/ski-resort/aprica/,2270,28.3,14.0,7.7,,0.0,0.0,0.0,,,"€ 39,- ","€ 30,-","€ 25,-",3.3,3.6,3.9,,,,,,,,,,,,,,,,,0.0,,,,,5227.072628659551,2022-03-01,42.375,22.625,0.39
39,312,Kopaonik,43.2689885,20.826741,Serbia,Europe,30,December - April,2017,1057,30,19,6,55,0,315,14,13,0,27,35052,Yes,Yes,Yes,No,kopaonik,Europe,Serbia,Serbia-South,http://www.skiresort.info/ski-resort/kopaonik/,2017,30.0,19.0,6.0,,,0.0,0.0,,0.0,"RSD 3550,- ","RSD 3550,-","RSD 2700,-",3.3,3.6,3.5,,,,,,,,,,,,,,,,,0.0,,,,,5238.620728003071,2022-01-01,40.125,27.125,20.47
40,376,Paganella-Andalo,46.1572963,11.00551108,Italy,Europe,40,November - April,2125,1030,9,22,1,32,6,0,4,12,2,18,23996,Yes,Yes,Yes,No,paganella-andalo,Europe,Italy,Trentino-Alto Adige (Trentino-Südtirol),http://www.skiresort.info/ski-resort/paganella-andalo/,2125,9.6,22.5,1.2,,0.0,0.0,,,,"€ 41,- ","€ 29,-","€ 21,-",3.0,4.0,5.0,5.0,5.0,4.0,4.0,4.0,3.0,3.0,4.0,3.0,4.0,5.0,4.0,3.0,4.0,2.0,,0.0,,,,,5244.054139215704,2022-01-01,39.875,27.625,12.99
41,317,First-Grindelwald,46.6504815,8.065073279,Switzerland,Europe,55,December - March,2501,1050,30,15,8,53,6,38,3,3,3,9,12720,Yes,Yes,No,No,first-grindelwald,Europe,Switzerland,Espace Mittelland,http://www.skiresort.info/ski-resort/first-grindelwald/,2501,30.0,15.0,8.0,,0.0,0.0,0.0,,,"SFr. 64,- ","SFr. 51,-","SFr. 32,-",3.3,3.6,4.3,,,,,,,,,,,,,,,,,,,,,,5246.521441423877,2022-02-01,43.125,21.375,5.91
42,373,Pamporovo,41.64619295,24.67356329,Bulgaria,Europe,28,December - April,1926,1620,17,6,5,28,0,130,6,7,0,13,14266,Yes,Yes,Yes,No,pamporovo,Europe,Bulgaria,Smolyan,http://www.skiresort.info/ski-resort/pamporovo/,1926,17.6,6.5,5.5,,,0.0,0.0,0.0,,"BGN 55,- ",0,"BGN 33,-",2.6,2.9,3.6,,,,,,,,,,,,,,,,,,,,,,5251.900095551368,2022-01-01,47.125,3.625,3.94
43,332,Sedrun-Oberalp,46.6652022,8.704905479,Switzerland,Europe,53,November - April,2300,1500,10,35,5,50,3,0,7,5,0,12,12100,Yes,Yes,No,No,sedrun-oberalp,Europe,Switzerland,Eastern Switzerland,http://www.skiresort.info/ski-resort/sedrun-oberalp/,2300,10.0,35.0,5.0,,,0.0,0.0,,,0,0,0,3.0,4.0,4.0,5.0,4.0,2.0,4.0,4.0,4.0,4.0,3.0,2.0,2.0,4.0,3.0,5.0,4.0,3.0,,0.0,,,,,5257.82518612738,2022-11-01,44.375,18.375,0.79
44,283,Meiringen-Hasliberg,46.7468975,8.219472173,Switzerland,Europe,50,December - April,1055,600,20,34,6,60,8,75,6,4,5,15,16381,Yes,No,Yes,No,meiringen-hasliberg,Europe,Switzerland,Espace Mittelland,http://www.skiresort.info/ski-resort/meiringen-hasliberg/,2433,20.0,34.0,6.0,0.0,0.0,0.0,0.0,,,"SFr. 57,- ","SFr. 46,-","SFr. 28,-",3.0,4.0,4.0,4.0,4.0,4.0,4.0,4.0,4.0,4.0,4.0,3.0,3.0,5.0,4.0,4.0,3.0,3.0,,0.0,,,,,5259.312403084194,2022-01-01,44.125,19.125,59.06
45,298,Borovets,42.2668301,23.6074324,Bulgaria,Europe,28,December - April,2560,1300,24,29,5,58,12,160,8,4,2,14,15800,Yes,Yes,Yes,No,borovets,Europe,Bulgaria,Sofia,http://www.skiresort.info/ski-resort/borovets/,2560,24.0,29.0,5.0,,0.0,0.0,0.0,,,"BGN 55,- ","BGN 40,-","BGN 30,-",3.0,4.0,3.0,3.0,3.0,3.0,3.0,3.0,2.0,3.0,2.0,3.0,3.0,3.0,3.0,4.0,2.0,2.0,,0.0,,,,0.0,5260.133906694596,2022-11-01,46.625,9.125,71.65
46,331,Bormio-Cima Bianca,46.4397574,10.3924531,Italy,Europe,40,November - April,3012,1225,14,34,2,50,8,240,8,5,2,15,17630,Yes,Yes,Yes,No,bormio-cima-bianca,Europe,Italy,Lombardy,http://www.skiresort.info/ski-resort/bormio-cima-bianca/,3012,14.0,34.0,2.0,0.0,0.0,0.0,0.0,,0.0,"€ 41,- ","€ 34,-","€ 21,-",3.0,4.0,4.0,5.0,4.0,1.0,4.0,3.0,3.0,4.0,3.0,3.0,3.0,4.0,3.0,4.0,3.0,2.0,,,,,,,5262.532644516787,2022-12-01,36.625,32.375,1.97
47,280,Disentis 3000,46.7041748,8.8549785,Switzerland,Europe,49,December - April,2833,1227,20,30,10,60,10,4,9,3,1,13,10990,Yes,Yes,No,No,disentis-3000,Europe,Switzerland,Eastern Switzerland,http://www.skiresort.info/ski-resort/disentis-3000/,2833,20.0,30.0,10.0,0.0,,0.0,0.0,0.0,0.0,"SFr. 56,- ","SFr. 42,-","SFr. 28,-",3.0,4.0,3.0,4.0,4.0,3.0,4.0,5.0,5.0,4.0,3.0,3.0,3.0,4.0,4.0,5.0,2.0,3.0,,,,,,,5264.4413890724745,2022-01-01,46.625,9.375,94.88
48,257,Savognin,46.596957,9.5981493,Switzerland,Europe,50,December - April,2713,1200,32,38,0,70,11,100,10,2,1,13,14000,Yes,Yes,Yes,No,savognin,Europe,Switzerland,Eastern Switzerland,http://www.skiresort.info/ski-resort/savognin/,2713,32.0,38.0,3.0,,0.0,0.0,0.0,0.0,0.0,"SFr. 57,- ","SFr. 50,-","SFr. 29,-",3.0,4.0,3.0,4.0,4.0,3.0,4.0,3.0,3.0,4.0,4.0,4.0,3.0,5.0,4.0,3.0,2.0,4.0,,,,,,,5265.173037370875,2022-02-01,43.625,20.625,1.18
49,247,Titlis-Engelberg,46.8228773,8.400657035,Switzerland,Europe,57,October - May,3020,1000,34,26,12,72,12,180,7,6,7,20,23316,Yes,Yes,No,No,titlis-engelberg,Europe,Switzerland,Central Switzerland,http://www.skiresort.info/ski-resort/titlis-engelberg/,3020,19.0,37.5,9.5,0.0,0.0,0.0,0.0,0.0,0.0,"SFr. 65,- ","SFr. 46,-","SFr. 26,-",4.0,5.0,4.0,5.0,4.0,3.0,4.0,4.0,4.0,4.0,4.0,3.0,3.0,3.0,3.0,5.0,3.0,4.0,,,,0.0,,,5270.307164587239,2022-03-01,39.375,28.875,24.02
50,282,San Martino di Castrozza,46.2623377,11.802828,Italy,Europe,44,November - April,2357,1404,16,32,12,60,3,150,7,14,3,24,29859,Yes,Yes,Yes,No,san-martino-di-castrozza,Europe,Italy,Trentino-Alto Adige (Trentino-Südtirol),http://www.skiresort.info/ski-resort/san-martino-di-castrozza/,2357,16.0,32.0,12.0,0.0,0.0,0.0,0.0,,0.0,"€ 45,- ",0,"€ 31,-",3.0,4.0,3.0,4.0,5.0,2.0,4.0,4.0,4.0,4.0,4.0,3.0,3.0,4.0,4.0,3.0,5.0,4.0,,0.0,,,,,5271.813464687857,2022-03-01,38.875,29.625,1.57
51,352,Vitosha-Sofia,42.6167377,23.27422928,Bulgaria,Europe,18,December - April,2290,726,12,6,2,20,5,0,8,5,2,15,12450,Yes,No,Yes,No,vitosha-sofia,Europe,Bulgaria,,http://www.skiresort.info/ski-resort/vitosha-sofia/,2290,12.0,6.0,2.0,,0.0,0.0,0.0,0.0,,"BGN 35,- ","BGN 28,-","BGN 21,-",2.5,2.8,3.4,,,,,,,,,,,,,,,,,,,,,,5278.087963071545,2022-01-01,39.125,29.375,59.84
52,139,Arosa Lenzerheide,46.7548885,9.566024408,Switzerland,Europe,63,October - April,2865,1229,111,87,27,225,4,0,24,18,8,50,63936,Yes,Yes,Yes,No,arosa-lenzerheide,Europe,Switzerland,Eastern Switzerland,http://www.skiresort.info/ski-resort/arosa-lenzerheide/,2865,111.0,87.0,27.0,0.0,0.0,0.0,0.0,,0.0,"SFr. 75,- ","SFr. 50,-","SFr. 25,-",5.0,5.0,4.0,5.0,5.0,3.0,4.0,5.0,4.0,4.0,5.0,4.0,5.0,5.0,5.0,5.0,5.0,4.0,,0.0,,,,,5281.725640561678,2022-01-01,36.875,32.375,100.0
53,365,Carezza Ski,46.42089735,11.58845807,Italy,Europe,41,December - April,2337,1200,21,14,3,38,7,175,13,5,2,20,19200,Yes,Yes,No,No,carezza-ski,Europe,Italy,Trentino-Alto Adige (Trentino-Südtirol),http://www.skiresort.info/ski-resort/carezza-ski/,2337,19.0,16.2,4.8,,0.0,0.0,0.0,0.0,0.0,€ 44.50 ,"€ 33,-","€ 18,-",3.0,4.0,4.0,4.0,5.0,3.0,3.0,4.0,4.0,5.0,4.0,3.0,4.0,5.0,5.0,4.0,4.0,3.0,,0.0,,,,,5284.237207005192,2022-12-01,44.375,19.125,23.62
54,337,Mythenregion,47.0217081,8.723539208,Switzerland,Europe,39,December - March,1070,573,18,31,1,50,0,55,11,0,4,15,12592,Yes,Yes,No,No,mythenregion,Europe,Switzerland,Central Switzerland,http://www.skiresort.info/ski-resort/mythenregion/,1593,18.0,31.0,1.0,0.0,0.0,,0.0,,,"SFr. 45,- ","SFr. 40,-","SFr. 30,-",3.2,3.4,2.8,,,,,,,,,,,,,,,,,,,,,,5296.911142343419,2022-01-01,47.625,1.125,5.12
55,350,Rigi,47.0567184,8.4853157,Switzerland,Europe,44,Unknown,1315,439,4,4,0,8,0,0,4,0,3,7,6500,Yes,No,No,No,rigi,Europe,Switzerland,Central Switzerland,http://www.skiresort.info/ski-resort/rigi/,1752,4.5,4.5,0.0,0.0,,,0.0,,,"SFr. 50,- ",0,"SFr. 25,-",2.0,2.0,2.0,,,,,,,,,,,,,,,,,,0.0,,,,5297.068186346758,2022-12-01,47.625,-1.375,6.69
56,276,Arabba,46.4971763,11.8740902,Italy,Europe,49,December - April,2478,1602,32,22,8,62,4,620,3,16,4,23,43973,Yes,Yes,No,No,arabba,Europe,Italy,Venetia (Veneto),http://www.skiresort.info/ski-resort/arabba/,2478,32.0,22.0,8.0,0.0,0.0,0.0,0.0,,,"€ 50,- ",0,"€ 35,-",5.0,5.0,4.0,4.0,5.0,2.0,4.0,4.0,3.0,3.0,4.0,3.0,4.0,3.0,3.0,4.0,2.0,1.0,,0.0,,,,,5298.416429938602,2022-02-01,45.875,14.625,8.27
57,258,Scuol-Motta Naluns,46.811169,10.2726212,Switzerland,Europe,50,December - April,2785,1250,27,32,11,70,10,136,6,6,1,13,18000,Yes,Yes,No,No,scuol-motta-naluns,Europe,Switzerland,Eastern Switzerland,http://www.skiresort.info/ski-resort/scuol-motta-naluns/,2785,27.0,32.0,11.0,,0.0,0.0,0.0,,0.0,"SFr. 57,- ","SFr. 47,-","SFr. 29,-",4.0,4.0,5.0,4.0,5.0,3.0,5.0,5.0,4.0,4.0,4.0,3.0,3.0,5.0,4.0,4.0,5.0,4.0,,,,,,,5300.364500316205,2022-12-01,40.375,27.875,100.0
58,397,Meran 2000,46.6655583,11.3071256,Italy,Europe,39,December - March,1609,648,12,25,3,40,5,0,3,5,2,10,9478,Yes,Yes,No,No,meran-2000,Europe,Italy,Trentino-Alto Adige (Trentino-Südtirol),http://www.skiresort.info/ski-resort/meran-2000/,2350,12.0,25.0,3.0,0.0,0.0,0.0,,,0.0,"€ 41,- ","€ 37,-",€ 31.50,3.0,3.0,4.0,4.0,5.0,4.0,4.0,4.0,4.0,4.0,4.0,3.0,3.0,4.0,3.0,3.0,4.0,2.0,,,,,,,5304.659804862631,2022-11-01,46.875,10.125,100.0
59,167,Alta Badia,46.56467025,11.91021932,Italy,Europe,52,December - April,2550,1324,70,52,8,130,8,391,18,30,11,59,89327,Yes,Yes,No,No,alta-badia,Europe,Italy,Trentino-Alto Adige (Trentino-Südtirol),http://www.skiresort.info/ski-resort/alta-badia/,2550,70.0,52.0,8.0,0.0,0.0,0.0,0.0,,,"€ 54,- ","€ 38,-",0,5.0,5.0,4.0,4.0,5.0,2.0,4.0,4.0,4.0,4.0,5.0,3.0,5.0,5.0,5.0,3.0,5.0,3.0,,,,0.0,,,5306.394311699106,2022-12-01,47.125,8.625,11.81
60,110,Gargellen,46.9721035,9.9187223,Austria,Europe,47,December - April,2300,1423,20,5,2,27,6,83,5,3,1,9,10650,Yes,Yes,No,No,gargellen,Europe,Austria,Vorarlberg,http://www.skiresort.info/ski-resort/gargellen/,2300,20.8,5.3,2.0,,0.0,0.0,0.0,,0.0,€ 47.50 ,0,€ 27.30,3.0,4.0,4.0,4.0,4.0,3.0,4.0,5.0,4.0,4.0,4.0,3.0,4.0,4.0,5.0,4.0,2.0,1.0,,,,,,,5311.378131061087,2022-02-01,43.375,22.375,4.33
61,249,Nauders am Reschenpass-Bergkastel,46.87101815,10.53500477,Austria,Europe,42,December - April,2850,1400,24,34,13,71,9,92,11,5,1,17,17651,Yes,Yes,No,No,nauders-am-reschenpass-bergkastel,Europe,Austria,Tyrol (Tirol),http://www.skiresort.info/ski-resort/nauders-am-reschenpass-bergkastel/,2740,24.0,34.0,13.0,,0.0,0.0,0.0,,0.0,"€ 41,- ","€ 40,-",€ 25.50,3.0,4.0,4.0,4.0,4.0,4.0,5.0,5.0,4.0,4.0,4.0,3.0,2.0,5.0,4.0,4.0,3.0,4.0,,,,,,,5311.6892689648985,2022-01-01,36.625,33.125,41.34
62,267,Flumserberg,47.0828502,9.276589934,Switzerland,Europe,51,November - April,665,425,10,38,17,65,6,0,9,8,4,21,30867,Yes,Yes,Yes,No,flumserberg,Europe,Switzerland,Eastern Switzerland,http://www.skiresort.info/ski-resort/flumserberg/,2222,10.0,38.0,17.0,,0.0,0.0,0.0,0.0,0.0,"SFr. 58,- ","SFr. 38,-","SFr. 29,-",4.0,4.0,4.0,4.0,5.0,4.0,4.0,4.0,4.0,4.0,4.0,3.0,3.0,4.0,3.0,5.0,4.0,3.0,,,,,,,5312.416972354644,2022-03-01,39.875,28.875,21.65
63,438,Kobla-Bohinj,46.2338617,13.9650643,Slovenia,Europe,22,December - March,1480,540,12,10,1,23,0,30,3,3,0,6,5720,Yes,No,No,No,kobla-bohinj,Europe,Slovenia,Gorenjska (Upper Carniola),http://www.skiresort.info/ski-resort/kobla-bohinj/,1480,12.0,10.0,1.0,,,0.0,0.0,,,"€ 22,- ",0,"€ 16,-",2.6,2.8,2.8,,,,,,,,,,,,,,,,,,,,,,5318.978921244459,2022-10-01,43.875,21.375,3.15
64,3,Golm,47.05781,9.8281668,Austria,Europe,48,December - April,2110,650,13,12,1,26,9,123,4,4,3,11,16240,Yes,No,No,No,golm,Europe,Austria,Vorarlberg,http://www.skiresort.info/ski-resort/golm/,2110,13.0,12.0,1.5,,0.0,0.0,0.0,0.0,0.0,€ 47.50 ,0,€ 27.50,3.0,4.0,4.0,4.0,5.0,5.0,5.0,4.0,4.0,5.0,4.0,3.0,3.0,4.0,3.0,4.0,1.0,1.0,,,,,,,5319.060364564269,2022-01-01,43.875,21.375,18.11
65,119,Silvretta Montafon,47.03503335,9.976778589,Austria,Europe,53,November - April,2430,700,60,45,8,113,12,330,25,18,10,53,67472,Yes,Yes,No,No,silvretta-montafon,Europe,Austria,Vorarlberg,http://www.skiresort.info/ski-resort/silvretta-montafon/,2430,60.0,45.0,8.0,0.0,0.0,0.0,0.0,0.0,0.0,€ 52.50 ,0,"€ 30,-",5.0,5.0,4.0,5.0,5.0,4.0,5.0,4.0,4.0,4.0,5.0,4.0,3.0,5.0,4.0,5.0,5.0,3.0,,,,,,,5319.209281962114,2022-01-01,46.375,13.375,88.19
66,419,Malbun,47.102619,9.6083069,Liechtenstein,Europe,42,December - April,2000,1600,11,9,3,23,4,16,6,3,0,9,8800,Yes,Yes,No,No,malbun,Europe,Liechtenstein,,http://www.skiresort.info/ski-resort/malbun/,2000,11.0,9.0,3.0,,,0.0,0.0,0.0,0.0,"SFr. 48,- ","SFr. 37,-","SFr. 29,-",2.0,3.0,4.0,4.0,4.0,4.0,4.0,4.0,4.0,4.0,3.0,3.0,4.0,4.0,4.0,3.0,3.0,3.0,,0.0,,,,,5320.120904840825,2022-01-01,41.625,26.125,1.18
67,47,Obergurgl-Hochgurgl,46.879426,11.0387065,Austria,Europe,50,November - May,3082,1793,35,55,20,110,8,320,13,7,8,28,38861,Yes,Yes,Yes,No,obergurgl-hochgurgl,Europe,Austria,Tyrol (Tirol),http://www.skiresort.info/ski-resort/obergurgl-hochgurgl/,3082,35.0,55.0,20.0,,0.0,0.0,0.0,0.0,0.0,"€ 52,- ","€ 40,-","€ 34,-",4.0,5.0,5.0,5.0,4.0,3.0,4.0,5.0,3.0,4.0,5.0,4.0,5.0,4.0,5.0,5.0,4.0,3.0,,,,,,,5322.264098165927,2022-01-01,43.375,22.625,3.15
68,324,Gitschberg Jochtal,46.82666885,11.6645207,Italy,Europe,46,December - April,1354,772,17,25,9,51,6,90,14,4,6,24,23617,Yes,Yes,No,No,gitschberg-jochtal,Europe,Italy,Trentino-Alto Adige (Trentino-Südtirol),http://www.skiresort.info/ski-resort/gitschberg-jochtal/,2510,17.3,25.1,9.3,0.0,0.0,0.0,0.0,0.0,0.0,"€ 46,- ","€ 33,-",0,3.0,4.0,4.0,4.0,5.0,4.0,3.0,4.0,4.0,4.0,5.0,3.0,4.0,5.0,4.0,4.0,4.0,3.0,,,,,,,5329.233195094188,2022-01-01,44.375,20.375,62.6
69,101,Serfaus-Fiss-Ladis,47.0530324,10.61913705,Austria,Europe,49,December - April,2820,1200,47,123,28,198,10,1250,40,16,12,68,78460,Yes,Yes,Yes,No,serfaus-fiss-ladis,Europe,Austria,Tyrol (Tirol),http://www.skiresort.info/ski-resort/serfaus-fiss-ladis/,2820,47.0,123.0,28.0,,0.0,0.0,0.0,0.0,0.0,"€ 51,- ","€ 44,-","€ 31,-",5.0,5.0,5.0,5.0,4.0,4.0,5.0,4.0,4.0,4.0,5.0,4.0,4.0,5.0,4.0,5.0,5.0,4.0,,,,0.0,,,5332.878891175594,2022-03-01,37.125,32.875,38.98
70,401,Tarvisio-Monte Lussari,46.4817326,13.5208066,Italy,Europe,35,December - April,1752,754,9,11,5,25,0,0,5,8,2,15,17354,Yes,Yes,Yes,No,tarvisio-monte-lussari,Europe,Italy,Friuli-Venezia Giulia,http://www.skiresort.info/ski-resort/tarvisio-monte-lussari/,1752,9.0,11.0,5.0,,0.0,0.0,0.0,,,"€ 35,- ","€ 26,-",0,2.6,2.9,3.9,,,,,,,,,,,,,,,,,0.0,,,,,5334.174282616888,2022-01-01,46.625,12.875,92.13
71,180,Nassfeld-Hermagor,46.58465625,13.24612886,Austria,Europe,46,December - April,2002,600,30,69,11,110,7,483,16,9,5,30,49386,Yes,Yes,Yes,No,nassfeld-hermagor,Europe,Austria,Carinthia (Kärnten),http://www.skiresort.info/ski-resort/nassfeld-hermagor/,2002,30.0,69.0,11.0,,0.0,0.0,0.0,0.0,,"€ 47,- ","€ 38,-","€ 24,-",4.0,5.0,4.0,4.0,5.0,3.0,5.0,4.0,3.0,3.0,4.0,4.0,5.0,5.0,3.0,4.0,4.0,4.0,,,,,,,5338.503978545569,2022-01-01,47.875,4.125,0.79
72,84,Kranjska Gora,46.485132,13.7843957,Slovenia,Europe,33,December - April,1215,800,10,8,2,20,2,0,15,5,0,20,17774,Yes,Yes,Yes,No,kranjska-gora,Europe,Slovenia,Gorenjska (Upper Carniola),http://www.skiresort.info/ski-resort/kranjska-gora/,1215,10.0,8.0,2.0,,,0.0,0.0,,,€ 32.50 ,"€ 27,-","€ 20,-",2.4,2.7,2.8,,,,,,,,,,,,,,,,,0.0,,,,,5340.942526090295,2022-01-01,43.125,23.625,11.02
73,100,Elfer Neustift,47.1064691,11.3079828,Austria,Europe,29,December - March,2080,981,0,7,0,7,5,0,3,0,1,4,2980,Yes,No,No,No,elfer-neustift,Europe,Austria,Tyrol (Tirol),http://www.skiresort.info/ski-resort/elfer-neustift/,2080,0.0,7.0,0.0,,0.0,,0.0,,0.0,€ 29.80 ,€ 22.40,€ 14.90,2.1,1.6,3.9,,,,,,,,,,,,,,,,,,,,,,5351.962218162244,2022-12-01,48.125,-0.875,6.69
74,417,Hochoetz-Oetz,47.22172465,11.02137443,Austria,Europe,37,December - April,1410,820,12,21,3,36,5,89,7,6,2,15,17422,Yes,Yes,No,No,hochoetz-oetz,Europe,Austria,Tyrol (Tirol),http://www.skiresort.info/ski-resort/hochoetz-oetz/,2272,12.0,21.0,3.0,,0.0,0.0,0.0,,0.0,"€ 39,- ","€ 29,-",€ 19.50,3.0,4.0,4.0,4.0,4.0,5.0,4.0,4.0,4.0,4.0,4.0,3.0,3.0,5.0,3.0,3.0,3.0,2.0,,,,,,,5358.706170467397,2022-01-01,45.375,18.375,1.97
75,449,Schetteregg-Egg,47.4167682,9.9826655,Austria,Europe,32,November - March,1325,1070,3,6,1,10,1,6,7,1,0,8,6642,Yes,Yes,No,No,schetteregg-egg,Europe,Austria,Vorarlberg,http://www.skiresort.info/ski-resort/schetteregg-egg/,1325,3.0,6.0,1.0,,,0.0,0.0,,0.0,€ 32.50 ,"€ 27,-","€ 18,-",2.0,3.0,2.0,3.0,4.0,4.0,3.0,4.0,4.0,3.0,3.0,2.0,2.0,5.0,4.0,2.0,3.0,1.0,,,,,,,5360.590438682686,2022-01-01,46.875,12.875,99.61
76,105,Axamer Lizum,47.1943801,11.3030187,Austria,Europe,38,November - April,2340,1580,7,21,2,30,3,0,3,6,1,10,13322,Yes,Yes,No,No,axamer-lizum,Europe,Austria,Tyrol (Tirol),http://www.skiresort.info/ski-resort/axamer-lizum/,2340,7.0,21.0,2.0,,,0.0,0.0,,,€ 38.50 ,"€ 31,-","€ 23,-",3.0,4.0,3.0,4.0,5.0,4.0,4.0,4.0,4.0,4.0,4.0,3.0,3.0,3.0,4.0,5.0,4.0,2.0,,,,0.0,,,5361.294365596998,2022-02-01,40.125,29.375,0.39
77,375,Gerlitzen,46.69476,13.9143318,Austria,Europe,45,December - April,1000,520,10,27,3,40,7,120,10,7,1,18,22220,Yes,Yes,No,No,gerlitzen,Europe,Austria,Carinthia (Kärnten),http://www.skiresort.info/ski-resort/gerlitzen/,1911,10.5,27.8,3.3,,0.0,0.0,0.0,0.0,0.0,"€ 46,- ","€ 37,-","€ 23,-",3.0,3.0,4.0,4.0,4.0,5.0,4.0,4.0,4.0,4.0,4.0,3.0,4.0,4.0,3.0,3.0,3.0,3.0,,,,,,,5366.206491720382,2022-02-01,38.375,31.875,66.54
78,470,Grasgehren-Bolgengrat,47.4425742,10.1761213,Germany,Europe,25,November - April,1700,1400,3,8,0,11,2,10,5,1,0,6,5140,Yes,Yes,No,No,grasgehren-bolgengrat,Europe,Germany,Bavaria (Bayern),http://www.skiresort.info/ski-resort/grasgehren-bolgengrat/,1700,3.1,8.5,0.0,,,0.0,0.0,0.0,0.0,"€ 26,- ",€ 22.50,"€ 16,-",2.1,2.1,2.3,,,,,,,,,,,,,,,,,,,,,,5366.794245778771,2022-01-01,45.375,18.625,5.12
79,423,Glungezer-Tulfes,47.2075977,11.5283837,Austria,Europe,30,December - April,2304,950,7,15,0,22,15,2,6,2,0,8,7116,Yes,Yes,No,No,glungezer-tulfes,Europe,Austria,Tyrol (Tirol),http://www.skiresort.info/ski-resort/glungezer-tulfes/,2304,7.0,15.5,0.5,,,0.0,0.0,0.0,0.0,€ 29.50 ,"€ 24,-","€ 18,-",2.0,4.0,2.0,3.0,4.0,4.0,4.0,4.0,4.0,4.0,4.0,2.0,2.0,3.0,3.0,3.0,4.0,3.0,,,,,,,5367.228931091254,2022-01-01,44.375,21.375,57.09
80,443,Nebelhorn-Oberstdorf,47.4218727,10.3423461,Germany,Europe,44,December - May,2224,828,2,5,4,11,7,30,3,2,3,8,5990,Yes,No,No,No,nebelhorn-oberstdorf,Europe,Germany,Bavaria (Bayern),http://www.skiresort.info/ski-resort/nebelhorn-oberstdorf/,2224,2.8,5.1,4.0,0.0,,0.0,0.0,,0.0,"€ 47,- ","€ 36,-","€ 18,-",2.0,4.0,2.0,4.0,5.0,3.0,5.0,4.0,4.0,3.0,3.0,2.0,3.0,3.0,3.0,4.0,1.0,5.0,,,,,,,5367.542861515682,2022-01-01,45.125,19.375,22.05
81,308,Grossglockner Heiligenblut,47.0745464,12.6938826,Austria,Europe,44,December - April,2989,1301,20,34,1,55,7,60,8,1,4,13,12500,Yes,No,No,No,grossglockner-heiligenblut,Europe,Austria,Carinthia (Kärnten),http://www.skiresort.info/ski-resort/grossglockner-heiligenblut/,2989,20.0,34.0,1.0,0.0,0.0,0.0,0.0,0.0,0.0,"€ 44,- ","€ 35,-","€ 22,-",3.0,4.0,3.0,5.0,4.0,3.0,4.0,4.0,4.0,4.0,4.0,3.0,3.0,3.0,3.0,5.0,2.0,3.0,,,,,,,5377.795869268785,2022-01-01,38.125,32.375,50.0
82,339,Zugspitze,47.421215,10.986297,Germany,Europe,45,May,2000,700,7,13,0,20,2,0,4,2,4,10,13150,Yes,No,No,No,zugspitze,Europe,Germany,Bavaria (Bayern),http://www.skiresort.info/ski-resort/zugspitze/,2720,7.0,13.0,0.0,0.0,,0.0,0.0,,,"€ 45,- ","€ 36,-",€ 23.50,2.0,3.0,3.0,4.0,4.0,4.0,3.0,4.0,4.0,3.0,4.0,2.0,2.0,2.0,4.0,3.0,1.0,1.0,,,0.0,,,,5379.474940235459,2022-01-01,48.375,-0.625,0.79
83,460,Hochrindl-Sirnitz,46.8226776,14.0524733,Austria,Europe,32,December - March,1886,1540,5,11,3,19,2,30,11,1,0,12,7350,Yes,Yes,Yes,No,hochrindl-sirnitz,Europe,Austria,Carinthia (Kärnten),http://www.skiresort.info/ski-resort/hochrindl-sirnitz/,1886,5.4,11.4,3.8,,,0.0,0.0,0.0,0.0,"€ 33,- ","€ 27,-",€ 18.50,2.4,2.7,2.3,,,,,,,,,,,,,,,,,,,,,,5383.069444770938,2022-03-01,44.125,22.375,12.99
84,461,La Bresse-Hohneck,48.03400165,6.983339743,France,Europe,29,December,1350,872,13,7,1,21,0,300,12,6,0,18,21515,Yes,No,Yes,No,la-bresse-hohneck,Europe,France,Grand-Est,http://www.skiresort.info/ski-resort/la-bresse-hohneck/,1350,13.0,7.0,1.0,,,0.0,0.0,,0.0,€ 29.70 ,€ 28.30,€ 24.70,2.4,2.6,2.8,,,,,,,,,,,,,,,,,,,,,,5383.51585297908,2022-03-01,46.625,14.875,0.39
85,458,Kellerjoch-Schwaz,47.3302137,11.71804485,Austria,Europe,29,April,857,545,5,2,2,9,4,5,4,2,0,6,3786,Yes,No,No,No,kellerjoch-schwaz,Europe,Austria,Tyrol (Tirol),http://www.skiresort.info/ski-resort/kellerjoch-schwaz/,1887,5.5,2.4,2.1,,,0.0,0.0,,0.0,"€ 30,- ","€ 22,-","€ 18,-",2.0,3.0,2.0,3.0,4.0,4.0,2.0,4.0,4.0,4.0,2.0,1.0,3.0,3.0,3.0,3.0,1.0,2.0,,,,,,,5384.216975047677,2022-11-01,46.875,13.875,12.2
86,364,Garmisch-Classic-Garmisch-Partenkirchen,47.4596073,11.07616628,Germany,Europe,43,December - April,2050,732,12,18,10,40,8,0,11,4,4,19,21090,Yes,Yes,No,No,garmisch-classic-garmisch-partenkirchen,Europe,Germany,Bavaria (Bayern),http://www.skiresort.info/ski-resort/garmisch-classic-garmisch-partenkirchen/,2050,13.9,19.5,16.0,0.0,0.0,0.0,0.0,0.0,0.0,"€ 43,- ",€ 34.50,€ 23.50,3.0,4.0,4.0,3.0,4.0,4.0,4.0,4.0,4.0,4.0,4.0,3.0,2.0,4.0,3.0,4.0,3.0,2.0,,,,,,,5385.3311630574,2022-02-01,42.875,25.125,2.36
87,496,Kranzberg-Mittenwald,47.4513588,11.2286303,Germany,Europe,29,December,1350,980,6,7,2,15,2,8,9,1,0,10,5850,Yes,Yes,Yes,No,kranzberg-mittenwald,Europe,Germany,Bavaria (Bayern),http://www.skiresort.info/ski-resort/kranzberg-mittenwald/,1350,6.0,7.0,2.0,,,0.0,0.0,0.0,0.0,"€ 29,- ","€ 27,-","€ 20,-",2.2,2.5,2.4,,,,,,,,,,,,,,,,,0.0,,,,,5387.4082334278955,2022-02-01,42.375,26.125,7.09
88,355,Mariborsko Pohorje-Maribor,46.5153389,15.5782311,Slovenia,Europe,31,December - March,1327,325,23,13,5,41,0,92,16,5,1,22,23436,Yes,No,Yes,No,mariborsko-pohorje-maribor,Europe,Slovenia,Podravska,http://www.skiresort.info/ski-resort/mariborsko-pohorje-maribor/,1327,23.5,13.0,5.0,,0.0,0.0,0.0,,,"€ 31,- ","€ 26,-","€ 17,-",3.1,3.4,3.2,,,,,,,,,,,,,,,,,,,,,,5390.737551705438,2022-01-01,38.875,31.625,24.8
89,222,Graukogel-Bad Gastein,47.1110862,13.15623357,Austria,Europe,36,December - March,2007,1079,3,6,2,11,0,0,1,2,0,3,3352,Yes,No,No,No,graukogel-bad-gastein,Europe,Austria,Salzburg (Salzburger Land),http://www.skiresort.info/ski-resort/graukogel-bad-gastein/,2007,3.5,6.4,2.0,,,0.0,0.0,,,"€ 36,- ","€ 29,-",€ 18.50,2.2,2.5,2.8,,,,,,,,,,,,,,,,,,,,,,5392.13777343457,2022-12-01,47.875,8.875,50.0
90,39,Reither Kogel-Reith im Alpbachtal,47.4005419,11.8601176,Austria,Europe,46,December - March,1280,670,1,3,0,4,0,0,4,0,1,5,4070,Yes,No,Yes,No,reither-kogel-reith-im-alpbachtal,Europe,Austria,Tyrol (Tirol),http://www.skiresort.info/ski-resort/reither-kogel-reith-im-alpbachtal/,1280,1.0,3.0,0.0,,0.0,,0.0,0.0,,€ 45.50 ,€ 36.50,€ 22.50,1.6,1.6,3.7,,,,,,,,,,,,,,,,,,,,,,5394.660562117858,2022-01-01,47.625,10.625,90.16
91,255,Katschberg,47.0593103,13.615553,Austria,Europe,46,November - April,2220,1066,10,50,10,70,6,750,9,6,2,17,26458,Yes,Yes,Yes,No,katschberg,Europe,Austria,Carinthia (Kärnten),http://www.skiresort.info/ski-resort/katschberg/,2220,10.0,50.0,10.0,,0.0,0.0,0.0,,0.0,€ 45.50 ,"€ 38,-","€ 23,-",3.0,5.0,4.0,5.0,5.0,4.0,4.0,4.0,4.0,4.0,5.0,4.0,5.0,4.0,3.0,4.0,2.0,4.0,,,,,,,5397.409492683375,2022-01-01,39.875,30.375,33.07
92,395,Rauriser Hochalmbahnen-Rauris,47.223392,12.990109,Austria,Europe,43,December - April,2175,940,15,12,5,32,10,35,6,1,3,10,11927,Yes,Yes,No,No,rauriser-hochalmbahnen-rauris,Europe,Austria,Salzburg (Salzburger Land),http://www.skiresort.info/ski-resort/rauriser-hochalmbahnen-rauris/,2175,15.0,12.5,5.0,,0.0,0.0,0.0,0.0,,€ 42.50 ,"€ 33,-",€ 21.50,3.0,4.0,4.0,4.0,4.0,3.0,4.0,4.0,5.0,4.0,4.0,3.0,3.0,4.0,4.0,3.0,3.0,3.0,,,,,,,5400.251831144487,2022-12-01,45.625,18.875,1.57
93,469,Christlum-Achenkirch,47.50747545,11.67908871,Austria,Europe,44,December - April,1800,950,6,16,5,27,4,0,9,4,0,13,12843,Yes,Yes,No,No,christlum-achenkirch,Europe,Austria,Tyrol (Tirol),http://www.skiresort.info/ski-resort/christlum-achenkirch/,1800,6.0,16.0,5.0,,,0.0,0.0,0.0,0.0,"€ 44,- ",0,"€ 23,-",2.0,3.0,4.0,4.0,4.0,4.0,4.0,4.0,3.0,3.0,3.0,4.0,3.0,4.0,2.0,3.0,3.0,5.0,,,,,,,5402.398116483999,2022-09-01,47.375,12.375,3.54
94,363,Kreischberg,47.0634486,14.03933,Austria,Europe,44,December - April,2118,868,17,16,9,42,7,110,7,4,3,14,18808,Yes,Yes,No,No,kreischberg,Europe,Austria,Styria (Steiermark),http://www.skiresort.info/ski-resort/kreischberg/,2118,17.0,16.0,9.0,,0.0,0.0,0.0,0.0,0.0,€ 44.50 ,€ 35.50,€ 23.50,3.0,4.0,4.0,4.0,5.0,3.0,4.0,4.0,4.0,4.0,4.0,4.0,3.0,5.0,4.0,4.0,4.0,3.0,,,,,,,5408.075168190054,2022-04-01,47.375,12.625,100.0
95,424,Fanningberg,47.1489018,13.6932252,Austria,Europe,41,December - April,2115,1497,11,5,7,23,4,36,4,2,0,6,7162,Yes,Yes,No,No,fanningberg,Europe,Austria,Salzburg (Salzburger Land),http://www.skiresort.info/ski-resort/fanningberg/,2115,11.1,5.8,7.1,,,0.0,0.0,,0.0,"€ 41,- ","€ 30,-",€ 20.50,3.0,3.0,4.0,4.0,4.0,3.0,3.0,4.0,3.0,3.0,4.0,3.0,3.0,4.0,4.0,3.0,2.0,2.0,,,,,,,5408.715624188158,2022-12-01,48.375,5.875,100.0
96,99,Obertauern,47.2494362,13.5569603,Austria,Europe,46,November - May,2313,1630,61,35,4,100,5,280,11,18,2,31,50797,Yes,Yes,Yes,No,obertauern,Europe,Austria,Salzburg (Salzburger Land),http://www.skiresort.info/ski-resort/obertauern/,2313,61.0,35.0,4.0,,0.0,0.0,0.0,,0.0,€ 45.50 ,"€ 34,-",€ 22.50,4.0,4.0,5.0,5.0,5.0,3.0,4.0,4.0,3.0,3.0,4.0,5.0,5.0,5.0,4.0,4.0,3.0,4.0,0.0,,,,,,5416.100930115762,2022-01-01,44.875,21.375,19.69
97,442,Kirchdorf,47.57562605,12.38734435,Austria,Europe,30,December - March,780,640,3,2,0,5,1,6,3,1,0,4,3570,Yes,No,No,No,kirchdorf,Europe,Austria,Tyrol (Tirol),http://www.skiresort.info/ski-resort/kirchdorf/,780,3.0,2.0,0.0,,,0.0,0.0,0.0,0.0,€ 29.50 ,€ 23.50,€ 17.50,2.0,2.0,3.0,3.0,3.0,3.0,2.0,4.0,3.0,4.0,2.0,2.0,2.0,4.0,3.0,1.0,1.0,5.0,,,,,,,5424.43473309654,2022-12-01,46.625,16.375,13.39
98,439,Sudelfeld-Bayrischzell,47.6717401,12.04163164,Germany,Europe,33,Unknown,1563,850,5,24,3,32,4,100,10,5,0,15,17477,Yes,Yes,No,No,sudelfeld-bayrischzell,Europe,Germany,Bavaria (Bayern),http://www.skiresort.info/ski-resort/sudelfeld-bayrischzell/,1563,5.0,23.0,3.0,,,0.0,0.0,,0.0,"€ 38,- ","€ 32,-","€ 18,-",3.0,4.0,4.0,3.0,4.0,3.0,4.0,4.0,4.0,5.0,4.0,3.0,3.0,4.0,4.0,3.0,4.0,4.0,,,,,,,5427.4048965845195,2022-01-01,44.375,22.875,9.45
99,474,Monte Popolo-Eben im Pongau,47.4041442,13.41875165,Austria,Europe,36,December - April,1612,862,4,2,0,6,3,55,2,2,0,4,4550,Yes,Yes,No,No,monte-popolo-eben-im-pongau,Europe,Austria,Salzburg (Salzburger Land),http://www.skiresort.info/ski-resort/monte-popolo-eben-im-pongau/,1612,4.0,2.0,0.0,,,0.0,0.0,0.0,,"€ 36,- ","€ 28,-","€ 18,-",2.0,3.0,3.0,4.0,4.0,5.0,4.0,4.0,4.0,3.0,3.0,3.0,2.0,4.0,3.0,2.0,3.0,3.0,,,,,,,5429.224691401505,2022-12-01,48.625,5.125,4.72
100,445,Ramsau am Dachstein-Rittisberg,47.4185564,13.5929847,Austria,Europe,36,December - March,1636,1035,14,10,1,25,3,40,14,1,0,15,10815,Yes,No,No,No,ramsau-am-dachstein-rittisberg,Europe,Austria,Styria (Steiermark),http://www.skiresort.info/ski-resort/ramsau-am-dachstein-rittisberg/,1636,14.0,10.0,1.0,,,0.0,0.0,0.0,0.0,€ 36.50 ,€ 27.50,€ 18.50,2.0,2.0,2.0,3.0,4.0,4.0,4.0,4.0,4.0,5.0,4.0,2.0,4.0,5.0,5.0,2.0,2.0,5.0,,0.0,,,,,5434.814565301024,2022-03-01,47.625,12.625,91.34
101,444,Lachtal,47.2524874,14.3682392,Austria,Europe,41,December - April,2222,1600,7,16,2,25,3,53,8,2,0,10,10620,Yes,No,No,No,lachtal,Europe,Austria,Styria (Steiermark),http://www.skiresort.info/ski-resort/lachtal/,2222,7.0,16.0,2.0,,,0.0,0.0,0.0,0.0,"€ 41,- ","€ 33,-",€ 21.50,3.0,4.0,4.0,4.0,5.0,3.0,4.0,4.0,4.0,4.0,4.0,3.0,4.0,4.0,4.0,3.0,1.0,2.0,,,,,,,5436.059456149537,2022-12-01,46.375,17.625,0.79
102,421,Riesneralm-Donnersbachwald,47.37659935,14.10532135,Austria,Europe,40,December - April,1820,950,15,12,3,30,7,137,5,3,0,8,6880,Yes,No,No,No,riesneralm-donnersbachwald,Europe,Austria,Styria (Steiermark),http://www.skiresort.info/ski-resort/riesneralm-donnersbachwald/,1820,20.0,9.0,3.0,,,0.0,0.0,0.0,0.0,"€ 41,- ",€ 35.50,"€ 21,-",3.0,4.0,4.0,4.0,4.0,3.0,4.0,5.0,4.0,4.0,4.0,3.0,3.0,5.0,5.0,4.0,2.0,3.0,,,,,,,5442.637911644908,2022-01-01,43.375,25.375,17.32
103,456,Gaissau-Hintersee,47.7147891,13.23800875,Austria,Europe,35,March,1567,750,23,10,0,33,0,0,6,3,0,9,10110,Yes,Yes,No,No,gaissau-hintersee,Europe,Austria,Salzburg (Salzburger Land),http://www.skiresort.info/ski-resort/gaissau-hintersee/,1567,23.5,10.0,0.5,,,0.0,0.0,0.0,,"€ 36,- ","€ 30,-",€ 15.50,2.8,3.0,2.6,,,,,,,,,,,,,,,,,,,,,,5457.967935813911,2022-01-01,48.125,11.125,22.83
104,416,Tauplitz-Bad Mitterndorf,47.57728095,13.98478445,Austria,Europe,41,December - April,896,812,18,18,6,42,6,135,14,4,1,19,18525,Yes,No,No,No,tauplitz-bad-mitterndorf,Europe,Austria,Styria (Steiermark),http://www.skiresort.info/ski-resort/tauplitz-bad-mitterndorf/,1965,18.0,19.0,6.0,,0.0,0.0,0.0,0.0,0.0,"€ 41,- ",€ 35.50,"€ 21,-",3.0,4.0,4.0,5.0,5.0,3.0,4.0,5.0,4.0,4.0,4.0,3.0,4.0,4.0,4.0,5.0,1.0,5.0,,,,,,,5460.856811894018,2022-02-01,40.125,31.125,14.96
105,468,Loser-Altaussee,47.6607391,13.7710285,Austria,Europe,40,December - April,1770,850,18,12,3,33,9,50,3,2,3,8,11114,Yes,Yes,No,No,loser-altaussee,Europe,Austria,Styria (Steiermark),http://www.skiresort.info/ski-resort/loser-altaussee/,1770,18.0,12.0,3.0,,,0.0,0.0,0.0,0.0,"€ 41,- ",€ 35.50,"€ 21,-",3.0,4.0,4.0,4.0,4.0,3.0,4.0,4.0,4.0,4.0,4.0,3.0,4.0,4.0,5.0,4.0,2.0,3.0,,,,,,,5464.575742089239,2022-12-01,49.125,1.625,19.69
106,430,Wurzeralm-Spital am Pyhrn,47.6279977,14.3162785,Austria,Europe,41,December - April,1870,810,10,10,2,22,4,57,5,2,1,8,9048,Yes,No,No,No,wurzeralm-spital-am-pyhrn,Europe,Austria,Upper Austria (Oberösterreich),http://www.skiresort.info/ski-resort/wurzeralm-spital-am-pyhrn/,1870,10.0,10.0,2.0,,,0.0,0.0,0.0,0.0,€ 40.50 ,€ 32.50,€ 22.50,3.0,3.0,3.0,4.0,4.0,5.0,4.0,4.0,4.0,4.0,3.0,2.0,2.0,4.0,3.0,3.0,2.0,4.0,,,,0.0,,,5474.223798544718,2022-11-01,45.375,21.625,1.97
107,464,Lammeralm-Langenwang,47.60520455,15.58475687,Austria,Europe,29,December - March,1230,980,2,3,2,7,0,24,2,6,3,11,2800,Yes,No,No,No,lammeralm-langenwang,Europe,Austria,Styria (Steiermark),http://www.skiresort.info/ski-resort/lammeralm-langenwang/,1230,2.9,3.7,2.2,,,0.0,0.0,,,"€ 29,- ","€ 24,-","€ 16,-",1.9,2.3,2.7,,,,,,,,,,,,,,,,,0.0,,,,,5504.162489434978,2022-01-01,45.875,21.125,66.54
108,498,Stuhleck-Spital am Semmering,47.5741948,15.7899645,Austria,Europe,42,April,1774,777,18,6,0,24,0,240,7,2,0,9,14400,Yes,Yes,Yes,No,stuhleck-spital-am-semmering,Europe,Austria,Styria (Steiermark),http://www.skiresort.info/ski-resort/stuhleck-spital-am-semmering/,1774,18.0,6.0,0.0,,,0.0,0.0,,0.0,"€ 43,- ","€ 38,-",€ 21.50,2.6,2.6,4.3,,,,,,,,,,,,,,,,,,,,,,5506.411002009444,2022-12-01,49.375,4.375,31.5
109,315,Erciyes-Kayseri,38.5327397,35.4502248,Turkey,Asia,17,December - April,3360,2100,18,29,7,54,0,82,4,11,2,17,23800,Yes,No,No,No,erciyes-kayseri,Asia,Turkey,Central Anatolia,http://www.skiresort.info/ski-resort/erciyes-kayseri/,3360,18.0,29.4,7.6,,0.0,0.0,,0.0,0.0,"TRY 70,- ",0,"TRY 55,-",3.4,3.7,4.2,,,,,,,,,,,,,,,,,,,,,,5605.760857155499,2022-12-01,41.375,31.875,1.57
110,391,Sinaia,45.3456607,25.5479283,Romania,Europe,32,Unknown,880,834,3,11,4,18,0,0,2,3,4,9,9864,Yes,No,No,No,sinaia,Europe,Romania,Prahova,http://www.skiresort.info/ski-resort/sinaia/,2103,3.4,11.7,4.9,0.0,0.0,0.0,0.0,,,"RON 145,- ",0,"RON 100,-",2.6,2.9,3.6,,,,,,,,,,,,,,,,,,,,,,5631.586626933108,2022-12-01,50.375,6.125,59.45
111,462,Silbersattel-Steinach,50.4399275,11.1511781,Germany,Europe,19,December - April,842,590,2,1,0,3,0,6,3,1,0,4,3300,Yes,Yes,No,No,silbersattel-steinach,Europe,Germany,Thuringia (Thüringen),http://www.skiresort.info/ski-resort/silbersattel-steinach/,842,2.5,1.5,0.5,,,0.0,0.0,0.0,,"€ 20,- ","€ 17,-","€ 14,-",1.5,1.8,2.4,,,,,,,,,,,,,,,,,,,,,,5707.401201052849,2022-01-01,51.125,5.375,62.99
112,450,Fichtelberg-Oberwiesenthal,50.4291364,12.9547281,Germany,Europe,26,December - April,1215,911,6,6,2,14,2,141,6,2,1,9,7384,Yes,Yes,Yes,No,fichtelberg-oberwiesenthal,Europe,Germany,Saxony (Sachsen),http://www.skiresort.info/ski-resort/fichtelberg-oberwiesenthal/,1215,6.8,6.1,2.6,0.0,,0.0,0.0,,0.0,"€ 26,- ",0,"€ 21,-",2.0,3.0,3.0,3.0,4.0,3.0,4.0,4.0,3.0,4.0,3.0,3.0,4.0,4.0,3.0,2.0,4.0,4.0,,,,,,,5740.338499190435,2022-11-01,50.625,11.875,6.3
113,488,Postwiesen Skidorf-Neuastenberg,51.188476,8.518201,Germany,Europe,26,December - March,730,605,3,3,1,7,1,23,8,1,0,9,6762,Yes,Yes,Yes,No,postwiesen-skidorf-neuastenberg,Europe,Germany,Central Uplands of Germany (Deutsche Mittelgebirge),http://www.skiresort.info/ski-resort/postwiesen-skidorf-neuastenberg/,730,3.0,3.4,1.6,,,0.0,0.0,0.0,0.0,"€ 27,- ",€ 21.50,€ 17.50,2.0,3.0,2.0,3.0,4.0,3.0,3.0,4.0,3.0,3.0,3.0,3.0,3.0,3.0,4.0,2.0,4.0,3.0,,0.0,,,,,5748.228630909864,2022-02-01,41.125,34.625,97.64
114,269,Bukovel,48.353783,24.41283,Ukraine,Europe,32,November - May,1372,890,26,28,11,65,2,0,3,15,0,18,33839,Yes,Yes,Yes,No,bukovel,Europe,Ukraine,Ivano-Frankivsk,http://www.skiresort.info/ski-resort/bukovel/,1372,29.0,28.0,11.0,,,0.0,0.0,,,"UAH 975,- ",0,"UAH 685,-",3.5,3.8,3.4,,,,,,,,,,,,,,,,,0.0,,,,,5866.969659529267,2022-01-01,49.875,20.125,42.91
115,390,Alpika Service,43.667196,40.246821,Russia,Europe,0,December - April,2228,535,10,10,5,25,0,0,1,1,7,9,18120,Yes,No,No,No,alpika-service,Russia,Southern Russia,Krasnodar,http://www.skiresort.info/ski-resort/alpika-service/,2228,10.0,10.0,5.0,,0.0,0.0,0.0,,,0,0,0,2.8,3.1,4.8,,,,,,,,,,,,,,,,0.0,,,,,,6281.116963227317,2022-03-01,44.625,39.125,1.57
116,239,Rosa Khutor,43.6709708,40.2970765,Russia,Europe,22,December - April,2320,940,30,26,21,77,7,450,6,11,10,27,49228,Yes,Yes,No,No,rosa-khutor,Russia,Southern Russia,Krasnodar,http://www.skiresort.info/ski-resort/rosa-khutor/,2320,30.0,26.0,21.0,,0.0,0.0,0.0,,0.0,"RUB 1500,- ",0,"RUB 1200,-",3.0,4.0,5.0,4.0,5.0,4.0,3.0,4.0,2.0,2.0,3.0,3.0,4.0,3.0,3.0,4.0,4.0,1.0,,,,,0.0,,6284.515446057198,2022-02-01,49.875,31.125,9.45
117,405,Glenshee,56.7410308,-3.3999352,United Kingdom,Europe,33,December - April,900,650,24,10,2,36,0,6,18,3,0,21,16255,Yes,No,No,No,glenshee,Europe,United Kingdom,Scotland,http://www.skiresort.info/ski-resort/glenshee/,900,24.0,10.0,2.0,,,0.0,0.0,,,"£ 30,- ",0,"£ 20,-",2.8,3.0,2.0,,,,,,,,,,,,,,,,,,,,,,6316.666464785908,2022-12-01,56.625,-5.625,50.39
118,95,Glencoe Mountain,56.68154175,-5.10644312,United Kingdom,Europe,35,December - April,1070,360,7,10,7,24,0,0,6,2,0,8,5800,Yes,No,No,No,glencoe-mountain,Europe,United Kingdom,Scotland,http://www.skiresort.info/ski-resort/glencoe-mountain/,1070,7.0,10.0,7.3,,,0.0,0.0,0.0,,"£ 32,- ",0,"£ 20,-",2.6,3.0,2.3,,,,,,,,,,,,,,,,,,,,,,6319.307194250767,2022-05-01,43.875,40.625,19.69
119,28,Nevis Range,56.8522081,-4.9987681,United Kingdom,Europe,36,December - April,655,91,7,10,3,20,0,0,8,3,1,12,10350,Yes,No,No,No,nevis-range,Europe,United Kingdom,Scotland,http://www.skiresort.info/ski-resort/nevis-range/,1221,7.0,10.0,3.0,,0.0,0.0,0.0,0.0,,£ 34.50 ,0,£ 22.50,2.5,2.8,3.3,,,,,,,,,,,,,,,,,,,,,,6337.489535835059,2022-12-01,56.375,10.375,72.05
120,21,The Lecht,57.200996,-3.247204,United Kingdom,Europe,33,December - April,775,637,5,9,4,18,0,0,12,1,0,13,9750,No,Yes,Yes,No,the-lecht,Europe,United Kingdom,Scotland,http://www.skiresort.info/ski-resort/the-lecht/,775,5.0,9.0,4.0,,,0.0,0.0,,,"£ 30,- ","£ 20,-","£ 15,-",2.3,2.6,1.8,,,,,,,,,,,,,,,,,0.0,,,,,6367.050279500457,2022-10-01,57.125,-4.875,43.7
121,291,Gudauri,42.4765577,44.4770286,Georgia,Asia,14,December - April,3279,1990,22,28,10,60,0,29,7,6,1,14,15400,Yes,Yes,Yes,No,gudauri,Asia,Georgia,Mtskheta-Mtianeti,http://www.skiresort.info/ski-resort/gudauri/,3276,3.4,18.8,10.3,,0.0,0.0,0.0,,0.0,"GEL 40,- ",0,"GEL 25,-",2.9,3.2,3.8,,,,,,,,,,,,,,,,,,,,0.0,,6476.701413555291,2022-11-01,56.875,15.625,94.09
122,483,Kvitfjell,58.6834043,9.0280158,Norway,Europe,45,October - May,1039,185,19,10,5,34,4,90,14,2,0,16,17952,Yes,Yes,Yes,No,kvitfjell,Europe,Norway,Oppland,http://www.skiresort.info/ski-resort/kvitfjell/,1032,21.5,12.5,5.0,,0.0,0.0,0.0,,0.0,"NOK 440,- ",0,"NOK 360,-",3.0,4.0,3.0,5.0,5.0,4.0,3.0,4.0,4.0,3.0,4.0,3.0,4.0,4.0,4.0,4.0,4.0,5.0,,,,,,,6573.206561838343,2022-01-01,35.125,51.125,1.97
123,382,Dizin,36.0508147,51.4155456,Iran,Asia,31,November - May,3506,2530,5,9,4,18,4,0,9,4,5,18,18760,Yes,Yes,No,No,dizin,Asia,Iran,Tehran,http://www.skiresort.info/ski-resort/dizin/,3506,5.0,9.0,4.0,,0.0,0.0,0.0,,,"IRR 1119000,- ",0,0,2.4,2.7,3.5,,,,,,,,,,,,,,,,,,,,,,6640.515979609285,2022-04-01,41.875,47.375,35.04
124,2,Geilosiden Geilo,60.5345261,8.2063719,Norway,Europe,44,November - April,1178,800,18,12,4,34,2,100,18,6,0,24,14225,Yes,Yes,Yes,No,geilosiden-geilo,Europe,Norway,Buskerud,http://www.skiresort.info/ski-resort/geilosiden-geilo/,1178,10.0,8.0,2.6,,,0.0,0.0,,0.0,"NOK 410,- ",0,"NOK 325,-",2.0,4.0,3.0,5.0,5.0,2.0,4.0,4.0,4.0,3.0,3.0,3.0,4.0,3.0,3.0,3.0,5.0,5.0,,,,,,,6767.929643127305,2022-02-01,50.625,39.875,100.0
125,466,Myrkdalen,60.8420056,6.4666278,Norway,Europe,44,November - May,1060,450,13,12,4,29,3,32,2,4,3,9,10279,Yes,Yes,Yes,No,myrkdalen,Europe,Norway,Western Norway (Vestlandet),http://www.skiresort.info/ski-resort/myrkdalen/,1060,13.0,12.5,4.5,,,0.0,0.0,,,"NOK 420,- ","NOK 320,-",0,3.0,3.0,3.0,5.0,5.0,4.0,4.0,4.0,4.0,4.0,3.0,3.0,4.0,4.0,5.0,3.0,4.0,4.0,,0.0,,,,,6787.915144167281,2022-12-01,59.375,18.125,96.85
126,1,Hemsedal,60.9282437,8.38348693,Norway,Europe,46,November - May,1450,620,29,10,4,43,6,325,15,6,0,21,22921,Yes,Yes,Yes,No,hemsedal,Europe,Norway,Buskerud,http://www.skiresort.info/ski-resort/hemsedal/,1450,29.2,10.8,4.1,,,0.0,0.0,,0.0,"NOK 430,- ",0,"NOK 340,-",3.0,5.0,4.0,5.0,5.0,3.0,4.0,4.0,3.0,3.0,4.0,3.0,4.0,5.0,4.0,5.0,5.0,4.0,,,,,,,6812.697298798885,2022-01-01,53.875,35.375,100.0
127,5,Hafjell,61.2303686,10.52901357,Norway,Europe,45,November - April,1030,195,33,7,4,44,6,150,14,3,1,18,21060,Yes,Yes,Yes,No,hafjell,Europe,Norway,Oppland,http://www.skiresort.info/ski-resort/hafjell/,1030,33.0,7.0,4.0,,0.0,0.0,0.0,,0.0,"NOK 430,- ",0,"NOK 350,-",3.0,4.0,4.0,5.0,4.0,5.0,4.0,4.0,3.0,3.0,3.0,3.0,4.0,4.0,5.0,3.0,5.0,5.0,,,,,,,6867.2575423220605,2022-02-01,52.875,38.375,100.0
128,248,Trysil,61.3561472,12.36702596,Norway,Europe,46,October - May,1100,415,33,18,20,71,5,418,29,7,0,36,36182,Yes,Yes,Yes,No,trysil,Europe,Norway,Hedmark,http://www.skiresort.info/ski-resort/trysil/,1100,33.0,18.0,20.0,,,0.0,0.0,,0.0,"NOK 465,- ","NOK 370,-","NOK 60,-",4.0,4.0,4.0,5.0,4.0,3.0,4.0,4.0,4.0,3.0,4.0,3.0,5.0,5.0,5.0,4.0,5.0,5.0,,0.0,,,,,6902.965715577701,2022-05-01,61.875,6.625,2.76
129,81,Ruka,66.1702656,29.1311291,Finland,Europe,43,October - June,492,291,9,7,2,18,1,70,17,5,0,22,22915,Yes,Yes,Yes,No,ruka,Europe,Finland,Northern Finland,http://www.skiresort.info/ski-resort/ruka/,492,9.1,7.0,2.8,,,0.0,0.0,0.0,0.0,"€ 44,- ","€ 37,-","€ 28,-",3.0,4.0,3.0,5.0,4.0,4.0,4.0,4.0,4.0,4.0,4.0,4.0,4.0,5.0,5.0,2.0,5.0,5.0,,,,,,,7709.6228641242615,2022-01-01,62.625,39.875,100.0
130,82,Levi,67.7844055,24.8557289,Finland,Europe,43,November - May,531,206,15,19,2,36,2,267,25,2,2,29,30110,Yes,Yes,Yes,No,levi,Europe,Finland,Northern Finland,http://www.skiresort.info/ski-resort/levi/,531,15.7,19.4,2.8,0.0,0.0,0.0,0.0,0.0,0.0,€ 43.50 ,€ 43.50,"€ 27,-",3.0,4.0,3.0,5.0,5.0,4.0,5.0,4.0,4.0,4.0,3.0,4.0,5.0,5.0,5.0,3.0,5.0,5.0,,,,,,,7776.527646081764,2022-10-01,66.875,29.125,57.87
131,52,Portillo,-32.8364183,-70.1290835,Chile,South America,57,June - October,3310,2580,10,4,6,20,3,0,9,5,0,14,9900,Yes,No,No,Yes,portillo,South America,Chile,Valparaíso,http://www.skiresort.info/ski-resort/portillo/,3310,10.0,4.0,6.0,,,0.0,0.0,,,"CLP 44000,- ","CLP 33000,-","CLP 28000,-",2.5,2.8,2.2,,,,,,,,,,,,,,,,,,,,0.0,,8162.339247956572,2022-04-01,64.125,-49.125,100.0
132,50,Valle Nevado,-33.352964,-70.2486776,Chile,South America,64,June - October,3670,2860,4,14,21,39,4,0,9,5,1,15,15930,Yes,Yes,No,Yes,valle-nevado,South America,Chile,Santiago Metropolitan Region (Región Metropolitana de Santiago),http://www.skiresort.info/ski-resort/valle-nevado/,3670,4.0,14.4,21.6,,0.0,0.0,0.0,,0.0,"CLP 49000,- ",0,"CLP 37000,-",3.0,3.3,3.1,,,,,,,,,,,,,,,,,,,,0.0,,8184.356027073245,2022-07-01,-34.875,-69.875,85.43
133,388,La Parva,-33.3355943,-70.2899972,Chile,South America,60,June - October,3574,2653,12,20,6,38,6,0,9,4,0,13,13740,Yes,Yes,No,Yes,la-parva,South America,Chile,Santiago Metropolitan Region (Región Metropolitana de Santiago),http://www.skiresort.info/ski-resort/la-parva/,3574,12.0,20.0,6.0,,,0.0,0.0,,,"CLP 46500,- ",0,"CLP 31500,-",2.9,3.2,2.6,,,,,,,,,,,,,,,,,,,,0.0,,8187.748165014132,2022-11-01,54.625,-60.875,99.21
134,53,Catedral Alta Patagonia,-41.16556,-71.444171,Argentina,South America,51,June - October,2180,1030,30,60,30,120,9,0,19,17,2,38,35130,Yes,Yes,No,Yes,catedral-alta-patagonia,South America,Argentina,Río Negro,http://www.skiresort.info/ski-resort/catedral-alta-patagonia/,2180,30.0,60.0,30.0,0.0,0.0,0.0,0.0,0.0,,"ARS 1330,- ","ARS 1135,-","ARS 795,-",4.4,4.8,3.2,,,,,,,,,,,,,,,,,0.0,,,,,8466.279577635687,2022-09-01,74.625,-25.375,100.0
135,227,Sunday River,44.4627415,-70.8196141,United States,North America,85,October - April,957,250,30,40,14,84,4,0,1,13,1,15,29950,Yes,Yes,Yes,No,sunday-river,North America,USA,Maine,http://www.skiresort.info/ski-resort/sunday-river/,957,30.0,40.0,14.0,,,0.0,,,0.0,"US$ 105,- ","US$ 79,-","US$ 69,-",3.8,4.1,3.6,,,,,,,,,,,,,,,,0.0,,,,,,8499.609893204724,2022-12-01,36.125,73.125,93.31
136,302,Bretton Woods,44.2576311,-71.4413006,United States,North America,76,November - April,945,487,25,16,15,56,0,0,3,7,0,10,15406,Yes,Yes,Yes,No,bretton-woods,North America,USA,New Hampshire,http://www.skiresort.info/ski-resort/bretton-woods/,945,25.0,16.0,15.0,,,0.0,0.0,,,"US$ 89,- ","US$ 68,-","US$ 53,-",3.2,3.6,3.8,,,,,,,,,,,,,,,,,0.0,,,,,8542.379306425499,2022-03-01,75.125,-27.375,100.0
137,259,Okemo,43.41769055,-72.69828454,United States,North America,86,November - April,1019,348,22,26,22,70,0,0,7,13,0,20,29050,Yes,Yes,Yes,No,okemo,North America,USA,Vermont,http://www.skiresort.info/ski-resort/okemo/,1019,22.0,26.0,22.0,,,0.0,0.0,,,"US$ 110,- ","US$ 97,-","US$ 84,-",3.6,4.0,3.7,,,,,,,,,,,,,,,,,0.0,,,,,8620.327215437746,2022-04-01,49.375,-70.625,100.0
138,292,Mount Snow,42.9589685,-72.9237112,United States,North America,81,November - April,1095,585,6,46,8,60,0,254,6,14,0,20,27000,Yes,Yes,No,No,mount-snow,North America,USA,Vermont,http://www.skiresort.info/ski-resort/mount-snow/,1095,6.0,46.0,8.0,,,0.0,,0.0,,"US$ 95,- ",0,"US$ 75,-",3.4,3.7,3.7,,,,,,,,,,,,,,,,,0.0,,,,,8627.642045060124,2022-11-01,49.625,-70.625,50.0
139,207,Stratton,43.0428562,-72.9109334,United States,North America,90,November - April,1181,600,60,20,12,92,0,0,3,9,1,13,26900,Yes,Yes,Yes,No,stratton,North America,USA,Vermont,http://www.skiresort.info/ski-resort/stratton/,1181,60.0,20.0,12.0,,0.0,0.0,0.0,,,"US$ 105,- ","US$ 89,-","US$ 79,-",3.9,4.2,3.7,,,,,,,,,,,,,,,,,0.0,,,,,8628.538469721334,2022-05-01,73.625,-40.375,100.0
140,168,Killington,43.67433,-72.7784445,United States,North America,90,November - May,1285,355,37,43,46,126,9,1500,5,15,3,23,41660,Yes,Yes,No,No,killington,North America,USA,Vermont,http://www.skiresort.info/ski-resort/killington/,1285,37.4,43.0,46.0,,0.0,0.0,0.0,0.0,,"US$ 115,- ",0,"US$ 89,-",4.4,4.8,3.7,,,,,,,,,,,,,,,,,0.0,,,,,8632.618352549505,2022-10-01,76.375,-24.625,100.0
141,254,Stowe,44.4654236,-72.6854695,United States,North America,106,November - April,1116,390,20,42,8,70,6,400,3,8,2,13,20300,Yes,Yes,Yes,No,stowe,North America,USA,Vermont,http://www.skiresort.info/ski-resort/stowe/,1116,20.0,42.0,8.0,,0.0,0.0,0.0,,0.0,"US$ 131,- ",0,"US$ 111,-",3.0,5.0,4.0,4.0,5.0,4.0,5.0,4.0,5.0,4.0,4.0,3.0,5.0,4.0,5.0,4.0,5.0,3.0,,0.0,,,,,8643.947557964508,2022-02-01,76.375,-25.625,100.0
142,316,Hunter Mountain,42.1778662,-74.2304216,United States,North America,68,Unknown,975,487,18,18,19,55,0,0,4,9,0,13,15910,Yes,No,No,No,hunter-mountain,North America,USA,New York,http://www.skiresort.info/ski-resort/hunter-mountain/,975,18.0,18.0,19.0,,,0.0,0.0,0.0,0.0,"US$ 80,- ",0,"US$ 64,-",3.2,3.6,3.4,,,,,,,,,,,,,,,,,,,,,,8715.597431079857,2022-06-01,-1.875,-78.375,0.79
143,394,Whiteface-Lake Placid,44.36586225,-73.83531534,United States,North America,79,November - April,1340,371,7,15,13,35,3,250,1,9,1,11,14200,Yes,Yes,No,No,whiteface-lake-placid,North America,USA,New York,http://www.skiresort.info/ski-resort/whiteface-lake-placid/,1340,7.0,15.0,13.0,,0.0,0.0,,,,"US$ 94,- ","US$ 74,-","US$ 58,-",3.0,5.0,3.0,4.0,5.0,3.0,3.0,4.0,3.0,4.0,3.0,3.0,1.0,4.0,4.0,4.0,5.0,4.0,,0.0,,,,,8731.033770104956,2022-01-01,63.125,63.875,100.0
144,221,Sugarbush,44.5417138,-73.9698685,United States,North America,83,November - April,1240,452,17,40,30,87,5,351,3,13,0,16,25652,Yes,Yes,No,No,sugarbush,North America,USA,Vermont,http://www.skiresort.info/ski-resort/sugarbush/,1240,17.0,40.0,30.0,,,0.0,,,,"US$ 97,- ",0,"US$ 77,-",3.9,4.2,3.7,,,,,,,,,,,,,,,,,0.0,,,,,8745.375573677813,2022-03-01,70.125,-54.625,100.0
145,177,Sugarloaf,38.3481772,-76.0335483,United States,North America,81,November - April,1286,426,28,40,51,119,5,0,2,12,0,14,20720,Yes,Yes,No,No,sugarloaf,North America,USA,Maine,http://www.skiresort.info/ski-resort/sugarloaf/,1286,28.0,40.0,51.0,,,0.0,0.0,,,"US$ 95,- ","US$ 79,-","US$ 69,-",4.3,4.6,3.4,,,,,,,,,,,,,,,,,0.0,,,,,8794.302776163875,2022-04-01,56.625,-69.875,100.0
146,491,Loon Mountain,44.5164518,-74.6496253,United States,North America,73,November - April,930,300,15,28,7,50,0,0,2,9,1,12,17034,Yes,Yes,No,No,loon-mountain,North America,USA,New Hampshire,http://www.skiresort.info/ski-resort/loon-mountain/,930,13.0,26.0,6.0,,0.0,0.0,,,,"US$ 95,- ","US$ 83,-","US$ 71,-",3.1,3.4,3.8,,,,,,,,,,,,,,,,,0.0,,,,,8797.700961443148,2022-11-01,41.625,75.375,100.0
147,448,Montage Mountain Resort,41.349713,-75.662134,United States,North America,53,December - March,594,285,2,4,3,9,0,270,2,5,0,7,8800,Yes,Yes,Yes,No,montage-mountain-resort,North America,USA,Pennsylvania,http://www.skiresort.info/ski-resort/montage-mountain-resort/,594,2.0,4.0,3.5,,,0.0,,,,"US$ 62,- ",0,"US$ 49,-",2.0,2.3,3.0,,,,,,,,,,,,,,,,,0.0,,,,,8816.239948292745,2022-10-01,72.375,-52.125,100.0
148,237,Mont Tremblant,46.11588,-74.5891426,Canada,North America,60,November - April,875,230,16,25,37,78,6,1041,3,8,3,14,24700,Yes,Yes,No,No,mont-tremblant,North America,Canada,Quebec,http://www.skiresort.info/ski-resort/mont-tremblant/,875,16.6,25.2,37.1,,0.0,0.0,,,,"C$ 99,- ","C$ 66,-","C$ 56,-",4.0,5.0,4.0,4.0,5.0,5.0,5.0,4.0,3.0,5.0,4.0,4.0,5.0,4.0,4.0,4.0,5.0,3.0,,0.0,,,,,8827.196151493652,2022-02-01,58.875,69.125,99.61
149,178,Silver Star,45.015082,-75.6437706,Canada,North America,62,November - April,1915,1155,20,50,45,115,8,0,4,6,0,10,12000,Yes,Yes,Yes,No,silver-star,North America,Canada,British Columbia,http://www.skiresort.info/ski-resort/silver-star/,1915,20.0,50.0,45.0,,,0.0,0.0,,0.0,"C$ 96,- ","C$ 77,-","C$ 50,-",4.0,5.0,4.0,4.0,4.0,3.0,5.0,4.0,4.0,4.0,3.0,2.0,5.0,5.0,5.0,5.0,4.0,4.0,,0.0,,,,,8885.030169500693,2022-04-01,35.125,77.625,100.0
150,435,Bolton Valley,39.3455111,-78.7571921,United States,North America,63,December - April,960,440,15,10,5,30,3,100,1,5,0,6,7200,Yes,Yes,Yes,No,bolton-valley,North America,USA,Vermont,http://www.skiresort.info/ski-resort/bolton-valley/,960,15.0,10.0,5.0,,,0.0,,0.0,,"US$ 74,- ",0,"US$ 64,-",3.0,4.0,2.0,4.0,4.0,4.0,4.0,3.0,4.0,4.0,2.0,2.0,3.0,3.0,4.0,3.0,5.0,3.0,,,,,,,9043.27649816223,2022-02-01,44.125,77.875,77.17
151,29,Arapahoe Basin,40.1211211,-80.6698426,United States,North America,83,October - June,3790,3286,40,25,40,105,4,0,2,5,0,7,7200,Yes,Yes,No,No,arapahoe-basin,North America,USA,Colorado,http://www.skiresort.info/ski-resort/arapahoe-basin/,3790,40.0,25.0,40.0,,,0.0,,,,"US$ 100,- ","US$ 85,-","US$ 52,-",3.0,5.0,3.0,5.0,4.0,4.0,4.0,4.0,4.0,4.0,3.0,2.0,1.0,3.0,3.0,5.0,5.0,1.0,,0.0,,,,,9215.673960034816,2022-04-01,61.125,-75.125,100.0
152,169,Copper Mountain,37.4781086,-90.3856733,United States,North America,89,November - April,3767,2926,30,40,56,126,0,0,7,15,1,23,29084,Yes,Yes,No,No,copper-mountain,North America,USA,Colorado,http://www.skiresort.info/ski-resort/copper-mountain/,3767,30.0,40.0,56.0,,,0.0,0.0,,0.0,"US$ 150,- ",0,"US$ 85,-",4.4,4.7,3.7,,,,,,,,,,,,,,,,,0.0,,,,0.0,10041.576165149632,2022-11-01,35.375,90.375,15.75
153,272,Kirkwood,38.5800713,-90.4069177,United States,North America,85,November - April,2987,2377,15,30,20,65,0,0,4,11,0,15,21420,Yes,Yes,No,No,kirkwood,North America,USA,Western United States,http://www.skiresort.info/ski-resort/kirkwood/,2987,15.0,30.0,20.0,,,0.0,0.0,0.0,,"US$ 119,- ","US$ 107,-","US$ 87,-",3.5,3.8,3.2,,,,,,,,,,,,,,,,,0.0,,,,0.0,10042.914699274264,2022-12-01,59.375,90.625,100.0
154,166,Keystone,41.9988889,-92.1979353,United States,North America,120,November - April,3651,2835,25,65,45,135,5,0,7,11,4,22,30500,Yes,Yes,Yes,No,keystone,North America,USA,Colorado,http://www.skiresort.info/ski-resort/keystone/,3651,25.0,65.0,45.0,,0.0,0.0,,0.0,0.0,"US$ 159,- ",0,"US$ 92,-",4.0,5.0,4.0,5.0,5.0,3.0,4.0,4.0,4.0,5.0,4.0,4.0,4.0,5.0,4.0,4.0,5.0,3.0,,,,,,0.0,10189.150660543683,2022-05-01,55.375,-92.875,14.17
155,87,Alta,42.6736893,-95.3039943,United States,North America,82,November - April,3215,2600,29,46,40,115,4,0,3,7,0,10,13100,Yes,No,Yes,No,alta,North America,USA,Utah,http://www.skiresort.info/ski-resort/alta/,3215,29.0,46.4,40.6,,,0.0,,0.0,,"US$ 104,- ",0,"US$ 54,-",4.3,4.7,3.7,,,,,,,,,,,,,,,,,0.0,,,,0.0,10440.877916876267,2022-11-01,69.375,101.125,100.0
156,26,Jackson Hole,34.641109,-98.67619161,United States,North America,119,December - April,3185,1924,16,50,50,116,11,0,1,9,3,13,20480,Yes,Yes,No,No,jackson-hole,North America,USA,Wyoming,http://www.skiresort.info/ski-resort/jackson-hole/,3185,16.0,50.0,50.0,0.0,0.0,0.0,,,0.0,"US$ 149,- ",0,"US$ 91,-",4.4,4.7,3.6,,,,,,,,,,,,,,,,,,,,0.0,0.0,10800.283803872062,2022-12-01,40.375,-99.375,8.27
157,98,Breckenridge,32.7558392,-98.9032554,United States,North America,140,November - April,3914,2926,28,60,65,153,5,0,15,18,1,34,43880,Yes,Yes,No,No,breckenridge,North America,USA,Colorado,http://www.skiresort.info/ski-resort/breckenridge/,3914,28.0,60.0,65.0,,0.0,0.0,0.0,,0.0,"US$ 164,- ",0,"US$ 107,-",4.0,5.0,4.0,5.0,4.0,3.0,5.0,4.0,3.0,5.0,4.0,4.0,5.0,5.0,5.0,5.0,5.0,3.0,,0.0,,,,,10839.127507316414,2022-01-01,40.625,-99.875,6.69
158,265,Brighton,39.983721,-104.8110775,United States,North America,67,November - April,3200,2668,10,18,38,66,0,0,1,6,0,7,13200,Yes,Yes,Yes,No,brighton,North America,USA,Utah,http://www.skiresort.info/ski-resort/brighton/,3200,10.0,18.0,38.0,,,0.0,,,,"US$ 79,- ",0,"US$ 49,-",3.5,3.8,4.1,,,,,,,,,,,,,,,,,0.0,,,,,11263.568718144114,2022-12-01,39.125,-104.625,50.0
159,206,Loveland,40.3977612,-105.0749801,United States,North America,61,October - May,3871,3245,12,38,43,93,3,0,2,9,0,11,13000,Yes,Yes,No,No,loveland,North America,USA,Colorado,http://www.skiresort.info/ski-resort/loveland/,3871,12.0,38.0,43.0,,,0.0,0.0,,,"US$ 75,- ",0,"US$ 32,-",3.0,4.0,3.0,5.0,3.0,5.0,2.0,3.0,2.0,4.0,2.0,1.0,1.0,3.0,4.0,4.0,4.0,1.0,,0.0,,,,,11277.845457503841,2022-04-01,66.375,119.625,100.0
160,79,Winter Park Resort,39.87161425,-105.7827088,United States,North America,119,November - April,3676,2743,11,53,79,143,7,36,5,19,1,25,41130,Yes,Yes,No,No,winter-park-resort,North America,USA,Colorado,http://www.skiresort.info/ski-resort/winter-park-resort/,3676,11.0,53.0,79.0,,0.0,0.0,0.0,0.0,0.0,"US$ 159,- ",0,"US$ 99,-",4.0,5.0,4.0,5.0,4.0,3.0,4.0,4.0,4.0,5.0,4.0,3.0,4.0,4.0,5.0,5.0,5.0,2.0,,,,,,,11347.327198444784,2022-01-01,36.875,105.125,3.94
161,245,Angel Fire,36.3930879,-105.2850091,United States,North America,62,December - March,3256,2591,40,28,7,75,4,0,2,5,0,7,7200,Yes,Yes,Yes,No,angel-fire,North America,USA,New Mexico,http://www.skiresort.info/ski-resort/angel-fire/,3256,40.0,28.0,7.0,,,0.0,,,0.0,"US$ 73,- ","US$ 63,-","US$ 53,-",3.7,3.9,3.9,,,,,,,,,,,,,,,,,,,,,,11369.862775794714,2022-04-01,39.125,-105.875,11.02
162,179,Taos,36.4072377,-105.573284,United States,North America,84,November - April,3795,2805,27,28,58,113,0,0,4,11,0,15,17000,Yes,Yes,No,No,taos,North America,USA,New Mexico,http://www.skiresort.info/ski-resort/taos/,3795,27.0,28.0,58.0,,,0.0,,0.0,0.0,"US$ 105,- ","US$ 85,-","US$ 65,-",4.2,4.5,3.0,,,,,,,,,,,,,,,,,,,,,,11395.069814886901,2022-11-01,57.375,-113.625,100.0
163,91,Vail,39.6440207,-106.3801669,United States,North America,127,November - April,3433,2457,57,84,93,234,6,0,9,20,2,31,54858,Yes,Yes,No,No,vail,North America,USA,Colorado,http://www.skiresort.info/ski-resort/vail/,3433,57.0,84.0,93.0,,0.0,0.0,0.0,,0.0,"US$ 169,- ",0,"US$ 117,-",5.0,5.0,4.0,5.0,5.0,4.0,5.0,4.0,4.0,5.0,4.0,4.0,5.0,5.0,4.0,5.0,5.0,3.0,,0.0,,,,,11402.140783174384,2022-10-01,40.625,-106.625,50.0
164,295,Gore Mountain,40.2235948,-106.6575409,United States,North America,71,November - April,1097,304,6,28,23,57,4,0,5,9,1,15,21000,Yes,Yes,No,No,gore-mountain,North America,USA,New York,http://www.skiresort.info/ski-resort/gore-mountain/,1097,6.7,28.2,23.3,,0.0,0.0,0.0,0.0,,"US$ 83,- ","US$ 65,-","US$ 46,-",3.3,3.6,3.6,,,,,,,,,,,,,,,,,0.0,,,,,11413.32089087137,2022-08-01,24.125,103.875,0.39
165,94,Beaver Creek,39.6048786,-106.5150017,United States,North America,141,November - April,3488,2255,28,64,57,149,4,0,8,13,3,24,38200,Yes,Yes,No,No,beaver-creek,North America,USA,Colorado,http://www.skiresort.info/ski-resort/beaver-creek/,3488,28.5,64.5,57.0,,0.0,0.0,,,,"US$ 189,- ",0,"US$ 130,-",4.0,5.0,4.0,5.0,5.0,4.0,5.0,4.0,3.0,5.0,4.0,4.0,5.0,5.0,5.0,5.0,5.0,3.0,0.0,0.0,,,,,11414.294877375823,2022-01-01,54.875,112.375,100.0
166,23,Howelsen Hill-Steamboat Springs,40.4805325,-106.8406049,United States,North America,21,November - April,2175,2040,1,1,0,2,0,0,3,1,0,4,2220,No,No,No,No,howelsen-hill-steamboat-springs,North America,USA,Colorado,http://www.skiresort.info/ski-resort/howelsen-hill-steamboat-springs/,2175,1.7,1.5,0.8,,,0.0,0.0,0.0,,"US$ 25,- ",0,"US$ 15,-",1.5,1.8,2.5,,,,,,,,,,,,,,,,,0.0,,,,,11423.082846414096,2022-01-01,57.375,114.125,100.0
167,88,Aspen Mountain,39.1760986,-106.8292058,United States,North America,124,November - April,3418,2422,0,49,54,103,4,0,0,7,1,8,13400,Yes,No,No,No,aspen-mountain,North America,USA,Colorado,http://www.skiresort.info/ski-resort/aspen-mountain/,3418,0.0,49.0,54.0,,0.0,0.0,,,,"US$ 169,- ",0,"US$ 112,-",3.0,4.0,4.0,4.0,5.0,2.0,4.0,4.0,4.0,5.0,3.0,4.0,4.0,1.0,1.0,5.0,1.0,3.0,,,,,,,11449.723272203366,2022-11-01,53.875,112.375,3.94
168,155,Snowmass,39.3316513,-106.986156,United States,North America,124,November - April,3813,2473,14,111,111,236,8,0,6,13,2,21,27765,Yes,Yes,Yes,No,snowmass,North America,USA,Colorado,http://www.skiresort.info/ski-resort/snowmass/,3813,14.2,111.0,111.0,,0.0,0.0,0.0,,0.0,"US$ 169,- ",0,"US$ 112,-",5.0,5.0,4.0,5.0,5.0,2.0,4.0,4.0,4.0,5.0,4.0,4.0,5.0,5.0,4.0,5.0,5.0,3.0,,,,,,,11459.72707327546,2022-11-01,54.875,-113.125,83.46
169,25,Crested Butte,38.8698201,-106.984043,United States,North America,98,November - April,3707,2774,27,69,25,121,0,0,5,10,0,15,19717,Yes,Yes,No,No,crested-butte,North America,USA,Colorado,http://www.skiresort.info/ski-resort/crested-butte/,3707,27.0,69.0,25.0,,,0.0,0.0,,,"US$ 115,- ","US$ 104,-","US$ 63,-",4.3,4.6,3.7,,,,,,,,,,,,,,,,,0.0,,,,,11469.262128172637,2022-09-01,69.875,131.375,33.07
170,457,Sandia Peak,35.2100445,-106.4496496,United States,North America,47,Unknown,2630,1999,8,20,3,31,0,0,1,4,1,6,4000,Yes,No,No,No,sandia-peak,North America,USA,New Mexico,http://www.skiresort.info/ski-resort/sandia-peak/,3140,8.0,20.0,3.0,0.0,,0.0,,,,"US$ 55,- ","US$ 45,-","US$ 40,-",2.8,3.1,2.8,,,,,,,,,,,,,,,,,0.0,,,,,11495.044256621555,2022-03-01,61.375,-118.875,100.0
171,273,Red Lodge Mountain,45.1907531,-109.3368732,United States,North America,45,November - April,2870,2138,11,30,24,65,0,0,1,6,0,7,10200,Yes,No,No,No,red-lodge-mountain,North America,USA,Montana,http://www.skiresort.info/ski-resort/red-lodge-mountain/,2870,11.0,30.0,24.0,,,0.0,,,,"US$ 53,- ","US$ 42,-","US$ 22,-",3.5,3.8,3.4,,,,,,,,,,,,,,,,,0.0,,,,,11508.099911232519,2022-02-01,34.125,106.375,2.76
172,218,Telluride,37.9374939,-107.812285,United States,North America,110,November - April,3815,2659,6,51,29,86,7,0,4,11,5,20,22638,Yes,Yes,No,No,telluride,North America,USA,Colorado,http://www.skiresort.info/ski-resort/telluride/,3815,6.7,51.7,29.8,,0.0,0.0,0.0,,,"US$ 133,- ",0,"US$ 79,-",4.0,5.0,4.0,5.0,5.0,3.0,4.0,5.0,4.0,5.0,5.0,4.0,5.0,4.0,5.0,5.0,5.0,4.0,0.0,0.0,,,0.0,,11559.90942510632,2022-02-01,64.875,-124.625,100.0
173,225,Purgatory-Durango,37.5558754,-107.7795294,United States,North America,76,November - April,3299,2680,15,40,30,85,0,0,2,9,0,11,16700,Yes,Yes,No,No,purgatory-durango,North America,USA,Colorado,http://www.skiresort.info/ski-resort/purgatory-durango/,3299,15.0,40.0,30.0,,,0.0,,0.0,,"US$ 89,- ","US$ 70,-","US$ 55,-",3.8,4.1,3.6,,,,,,,,,,,,,,,,,0.0,,,,0.0,11565.265208082634,2022-05-01,63.125,-122.375,52.36
174,250,Bridger Bowl-Bozeman,45.7032833,-111.0255228,United States,North America,49,December - April,2682,1860,20,26,25,71,5,0,1,8,0,9,11900,Yes,Yes,No,No,bridger-bowl-bozeman,North America,USA,Montana,http://www.skiresort.info/ski-resort/bridger-bowl-bozeman/,2682,20.0,26.0,25.0,,,0.0,,0.0,,"US$ 60,- ",0,"US$ 22,-",3.6,4.0,3.0,,,,,,,,,,,,,,,,,,,,,,11621.089644408115,2022-04-01,65.625,127.375,100.0
175,235,Yellowstone Club,45.6681984,-111.067446,United States,North America,0,November - April,3005,2182,30,30,20,80,4,0,4,11,0,15,14886,Yes,No,No,No,yellowstone-club,North America,USA,Montana,http://www.skiresort.info/ski-resort/yellowstone-club/,3005,30.0,30.0,20.0,,,0.0,0.0,,,0,0,0,3.8,4.2,4.3,,,,,,,,,,,,,,,,,0.0,,,,,11625.265000726435,2022-02-01,58.375,-118.625,100.0
176,154,Big Sky Resort,45.2839783,-111.401115,United States,North America,110,November - April,3398,2072,55,69,126,250,9,0,11,22,1,34,36283,Yes,Yes,No,No,big-sky-resort,North America,USA,Montana,http://www.skiresort.info/ski-resort/big-sky-resort/,3398,55.0,69.0,126.0,0.0,,0.0,0.0,0.0,,"US$ 135,- ","US$ 115,-","US$ 86,-",4.9,5.0,3.6,,,,,,,,,,,,,,,,,0.0,,,,,11661.742957050743,2022-02-01,34.375,-108.125,0.79
177,314,Apache,35.214632,-109.4786676,United States,North America,48,Unknown,3475,2926,12,18,25,55,0,0,2,8,1,11,15800,Yes,No,No,No,apache,North America,USA,New Mexico,http://www.skiresort.info/ski-resort/apache/,3475,12.0,18.0,25.0,,0.0,0.0,,0.0,,"US$ 56,- ","US$ 49,-","US$ 40,-",3.3,3.6,3.4,,,,,,,,,,,,,,,,,,,,,,11765.432465154228,2022-01-01,25.875,107.625,6.69
178,181,Sunshine Village,51.08952535,-115.7622016,Canada,North America,66,November - May,2730,1660,25,50,34,109,8,2,2,9,1,12,20950,Yes,Yes,No,No,sunshine-village,North America,Canada,Alberta,http://www.skiresort.info/ski-resort/sunshine-village/,2730,25.0,50.0,34.0,,0.0,0.0,,,,"C$ 109,- ","C$ 85,-","C$ 42,-",4.0,5.0,4.0,4.0,4.0,4.0,4.0,4.0,4.0,5.0,4.0,3.0,2.0,4.0,5.0,5.0,5.0,1.0,,0.0,,,,,11769.175106638057,2022-02-01,58.625,121.625,100.0
179,211,Whitefish Mountain Resort,48.48108275,-114.3578504,United States,North America,65,December - April,2078,1361,18,46,27,91,5,0,3,12,0,15,22600,Yes,Yes,Yes,No,whitefish-mountain-resort,North America,USA,Montana,http://www.skiresort.info/ski-resort/whitefish-mountain-resort/,2078,18.0,46.0,27.0,,,0.0,0.0,,,"US$ 79,- ","US$ 68,-","US$ 40,-",3.9,4.2,3.5,,,,,,,,,,,,,,,,,0.0,,,,,11771.767374645124,2022-12-01,31.125,108.625,0.39
180,204,Castle Mountain,51.3065203,-115.9455963,Canada,North America,50,December - April,2273,1410,9,20,65,94,5,0,3,4,1,8,6100,Yes,Yes,No,No,castle-mountain,North America,Canada,Alberta,http://www.skiresort.info/ski-resort/castle-mountain/,2273,9.0,20.0,65.0,,,0.0,0.0,0.0,,"C$ 84,- ","C$ 74,-","C$ 34,-",3.0,5.0,3.0,4.0,4.0,3.0,4.0,4.0,4.0,5.0,2.0,3.0,3.0,3.0,4.0,5.0,4.0,2.0,,0.0,,,,0.0,11772.60525166095,2022-05-01,68.625,-138.625,100.0
181,163,Lake Louise,51.4249668,-116.177535,Canada,North America,66,November - May,2637,1646,35,62,42,139,8,0,4,5,1,10,14040,Yes,Yes,No,No,lake-louise,North America,Canada,Alberta,http://www.skiresort.info/ski-resort/lake-louise/,2637,35.0,62.0,42.0,,0.0,0.0,0.0,,0.0,"C$ 104,- ","C$ 79,-","C$ 39,-",4.0,5.0,4.0,5.0,5.0,4.0,5.0,5.0,4.0,5.0,4.0,3.0,1.0,4.0,5.0,5.0,5.0,3.0,,0.0,,,,,11782.94683224585,2022-08-01,64.875,-130.375,0.79
182,11,Fernie,49.5041747,-115.062867,Canada,North America,67,December - April,2134,1052,42,58,42,142,5,11,3,7,0,10,14514,Yes,Yes,No,No,fernie,North America,Canada,British Columbia,http://www.skiresort.info/ski-resort/fernie/,2134,42.0,58.0,42.0,,,0.0,0.0,,,C$ 104.95 ,C$ 78.95,C$ 41.95,4.0,5.0,3.0,4.0,5.0,4.0,5.0,4.0,3.0,5.0,4.0,3.0,4.0,4.0,4.0,5.0,4.0,3.0,,0.0,,,,0.0,11783.040098510704,2022-12-01,61.625,125.375,99.21
183,22,Steamboat,35.7540215,-109.8537507,United States,North America,120,November - April,3221,2103,25,95,45,165,4,0,1,14,2,17,32720,Yes,Yes,Yes,No,steamboat,North America,USA,Colorado,http://www.skiresort.info/ski-resort/steamboat/,3221,25.0,95.0,45.0,,0.0,0.0,0.0,,,"US$ 165,- ","US$ 135,-","US$ 105,-",4.8,5.0,3.9,,,,,,,,,,,,,,,,,,,,,,11786.502008646974,2022-02-01,40.875,-111.375,62.2
184,27,Park City,40.6460921,-111.4979963,United States,North America,97,November - April,3049,2080,27,152,71,250,4,480,5,32,4,41,76110,Yes,Yes,Yes,No,park-city,North America,USA,Utah,http://www.skiresort.info/ski-resort/park-city/,3049,27.0,152.0,71.0,,0.0,0.0,,0.0,,"US$ 145,- ",0,"US$ 93,-",4.8,5.0,3.9,,,,,,,,,,,,,,,,,0.0,,,,,11802.70625860146,2022-02-01,70.125,144.875,100.0
185,274,Solitude,40.6202462,-111.5919046,United States,North America,71,November - April,3000,2434,20,30,14,64,0,0,0,8,0,8,16400,Yes,No,No,No,solitude,North America,USA,Utah,http://www.skiresort.info/ski-resort/solitude/,3000,20.0,30.0,14.0,,,0.0,,,,"US$ 88,- ","US$ 56,-",0,3.4,3.7,3.8,,,,,,,,,,,,,,,,,,,,,,11811.096755454675,2022-05-01,67.875,137.875,100.0
186,93,Snowbasin,41.216317,-111.857428,United States,North America,85,November - April,2850,1950,5,28,15,48,5,400,2,6,3,11,17026,Yes,Yes,No,No,snowbasin,North America,USA,Utah,http://www.skiresort.info/ski-resort/snowbasin/,2850,5.0,28.0,15.0,0.0,0.0,0.0,,,,"US$ 99,- ",0,"US$ 55,-",3.1,3.4,3.9,,,,,,,,,,,,,,,,,0.0,,,,,11815.946908093994,2022-02-01,54.875,-119.125,100.0
187,185,Snowbird,40.5807546,-111.6572955,United States,North America,99,November - May,3353,2365,27,38,38,103,5,0,2,10,1,13,17900,Yes,Yes,Yes,No,snowbird,North America,USA,Utah,http://www.skiresort.info/ski-resort/snowbird/,3353,27.0,38.0,38.0,0.0,,0.0,,,0.0,"US$ 129,- ",0,"US$ 61,-",4.1,4.5,3.7,,,,,,,,,,,,,,,,,,,,,,11817.53941511001,2022-05-01,69.125,-141.875,16.14
188,231,Kimberley,49.6850876,-115.9819477,Canada,North America,49,December - April,1982,1230,15,35,30,80,6,11,2,3,0,5,5452,Yes,Yes,Yes,No,kimberley,North America,Canada,British Columbia,http://www.skiresort.info/ski-resort/kimberley/,1982,15.0,35.0,30.0,,,0.0,0.0,,,C$ 79.95 ,C$ 59.95,C$ 31.95,3.0,4.0,3.0,4.0,5.0,3.0,4.0,4.0,4.0,5.0,3.0,3.0,4.0,4.0,5.0,4.0,4.0,3.0,,0.0,,,,,11838.422148596474,2022-10-01,65.625,133.375,100.0
189,223,Marmot Basin-Jasper,52.8005917,-118.0833546,Canada,North America,60,November - April,2410,1698,26,26,34,86,5,0,1,6,0,7,11600,Yes,Yes,No,No,marmot-basin-jasper,North America,Canada,Alberta,http://www.skiresort.info/ski-resort/marmot-basin-jasper/,2410,26.0,26.0,39.0,,,0.0,,,0.0,"C$ 95,- ","C$ 76,-","C$ 34,-",3.0,5.0,4.0,5.0,4.0,4.0,4.0,4.0,5.0,4.0,3.0,2.0,1.0,4.0,5.0,5.0,4.0,1.0,,,,,,,11846.241484174026,2022-01-01,57.125,-121.625,100.0
190,306,Revelstoke Mountain Resort,50.9692628,-118.1092086,Canada,North America,64,December - April,2225,512,16,18,21,55,15,0,2,2,7,11,9200,Yes,Yes,No,No,revelstoke-mountain-resort,North America,Canada,British Columbia,http://www.skiresort.info/ski-resort/revelstoke-mountain-resort/,2225,16.0,18.0,21.0,,0.0,0.0,,,,"C$ 99,- ","C$ 78,-","C$ 39,-",3.0,5.0,4.0,4.0,4.0,4.0,4.0,4.0,4.0,4.0,4.0,3.0,3.0,3.0,4.0,5.0,3.0,1.0,,0.0,,,0.0,0.0,11926.732699044314,2022-11-01,69.125,146.375,100.0
191,202,Schweitzer Mountain Resort,48.368467,-116.623291,United States,North America,66,November - April,1950,1206,20,40,35,95,4,0,2,7,0,9,14200,Yes,Yes,Yes,No,schweitzer-mountain-resort,North America,USA,Idaho,http://www.skiresort.info/ski-resort/schweitzer-mountain-resort/,1950,20.0,40.0,35.0,,,0.0,0.0,,,"US$ 79,- ",0,"US$ 50,-",4.0,4.3,3.6,,,,,,,,,,,,,,,,,0.0,,,,,11933.41646723384,2022-07-01,70.125,-151.125,0.39
192,209,Bald Mountain-Sun Valley,43.6829549,-114.4019636,United States,North America,107,December - April,2788,1752,35,40,17,92,0,0,1,12,1,14,24500,Yes,No,No,No,bald-mountain-sun-valley,North America,USA,Idaho,http://www.skiresort.info/ski-resort/bald-mountain-sun-valley/,2788,35.0,40.0,17.0,,0.0,0.0,,,,"US$ 125,- ",0,"US$ 75,-",4.0,4.3,3.9,,,,,,,,,,,,,,,,,0.0,,,,,11940.516532722737,2022-03-01,65.625,-136.375,100.0
193,4,Red Mountain Resort-Rossland,49.1055201,-117.8462801,Canada,North America,60,December - April,2075,1185,20,50,50,120,7,0,2,5,1,8,9200,Yes,Yes,Yes,No,red-mountain-resort-rossland,North America,Canada,British Columbia,http://www.skiresort.info/ski-resort/red-mountain-resort-rossland/,2075,20.0,50.0,50.0,,,0.0,0.0,,,"C$ 92,- ","C$ 74,-","C$ 46,-",4.3,4.6,3.0,,,,,,,,,,,,,,,,,0.0,,,,0.0,11987.487368051196,2022-03-01,67.125,141.875,100.0
194,195,Deer Valley,48.1815678,-117.3007731,United States,North America,109,December - April,2917,2003,27,41,32,100,3,0,3,20,1,24,46600,Yes,No,No,No,deer-valley,North America,USA,Utah,http://www.skiresort.info/ski-resort/deer-valley/,2917,27.0,41.0,32.0,,0.0,0.0,,,0.0,"US$ 135,- ","US$ 135,-","US$ 84,-",4.0,4.4,4.0,,,,,,,,,,,,,,,,,,,,,,11987.666176795408,2022-12-01,47.875,117.125,100.0
195,251,Brian Head,37.6927551,-112.8507766,United States,North America,59,November - April,3328,2926,22,24,25,71,0,0,3,8,0,11,13200,Yes,No,Yes,No,brian-head,North America,USA,Utah,http://www.skiresort.info/ski-resort/brian-head/,3328,22.0,24.0,25.0,,,0.0,,,0.0,"US$ 69,- ",0,"US$ 50,-",3.5,3.9,3.3,,,,,,,,,,,,,,,,,,,,,0.0,11997.47161205066,2022-12-01,47.625,-117.125,100.0
196,261,49 Degrees North Mountain Resort,48.300619,-117.562991,United States,North America,50,November - April,1760,1195,20,27,21,68,0,0,1,6,0,7,8250,Yes,No,No,No,49-degrees-north-mountain-resort,North America,USA,Washington State,http://www.skiresort.info/ski-resort/49-degrees-north-mountain-resort/,1760,20.0,27.0,21.0,,,0.0,,0.0,,"US$ 58,- ",0,"US$ 48,-",3.5,3.9,3.0,,,,,,,,,,,,,,,,,,,,,,12000.994998154181,2022-02-01,68.625,-147.625,100.0
197,13,Panorama,50.7369988,-119.1205606,Canada,North America,62,December - April,2365,1140,20,55,25,100,5,0,3,6,4,13,11890,Yes,Yes,Yes,No,panorama,North America,Canada,British Columbia,http://www.skiresort.info/ski-resort/panorama/,2365,20.0,55.0,25.0,,0.0,0.0,0.0,,,"C$ 99,- ","C$ 86,-","C$ 46,-",4.0,5.0,3.0,4.0,4.0,4.0,4.0,4.0,3.0,4.0,4.0,3.0,5.0,4.0,4.0,5.0,4.0,3.0,,0.0,,,0.0,,12002.179343416783,2022-01-01,62.375,-131.625,100.0
198,216,Sugar Bowl,42.9932326,-115.2420141,United States,North America,98,November - April,2555,2098,15,40,34,89,4,0,2,12,1,15,25544,Yes,Yes,No,No,sugar-bowl,North America,USA,Western United States,http://www.skiresort.info/ski-resort/sugar-bowl/,2555,15.3,40.5,34.2,,0.0,0.0,0.0,,,"US$ 115,- ","US$ 94,-","US$ 66,-",3.8,4.1,3.7,,,,,,,,,,,,,,,,,0.0,,,,,12028.473578049023,2022-11-01,69.625,153.625,100.0
199,46,Big White,49.715991,-118.933872,Canada,North America,61,November - April,2285,1508,18,56,29,103,7,0,3,10,1,14,22625,Yes,Yes,Yes,No,big-white,North America,Canada,British Columbia,http://www.skiresort.info/ski-resort/big-white/,2285,18.9,56.7,29.4,,0.0,0.0,0.0,,,"C$ 105,- ","C$ 89,-","C$ 62,-",4.0,5.0,4.0,4.0,5.0,3.0,4.0,4.0,4.0,5.0,4.0,3.0,5.0,5.0,5.0,4.0,5.0,3.0,,0.0,,,,,12034.50301052138,2022-03-01,61.125,-130.375,100.0
200,425,Tamarack Resort,44.6700061,-116.1225024,United States,North America,59,December - April,2347,1490,12,20,10,42,0,14,2,5,0,7,8700,Yes,Yes,No,No,tamarack-resort,North America,USA,Idaho,http://www.skiresort.info/ski-resort/tamarack-resort/,2347,12.0,20.0,10.0,,,0.0,0.0,,,"US$ 69,- ","US$ 44,-","US$ 30,-",3.0,3.3,4.0,,,,,,,,,,,,,,,,,0.0,,,,,12036.565537844182,2022-02-01,46.625,117.125,100.0
201,12,Sun Peaks,50.8844684,-119.8823295,Canada,North America,62,November - April,2082,1198,13,78,43,134,8,0,6,6,0,12,13895,Yes,Yes,Yes,No,sun-peaks,North America,Canada,British Columbia,http://www.skiresort.info/ski-resort/sun-peaks/,2082,13.5,78.0,43.5,,,0.0,0.0,,0.0,"C$ 95,- ","C$ 76,-","C$ 48,-",4.0,5.0,4.0,5.0,4.0,3.0,5.0,4.0,4.0,5.0,4.0,3.0,5.0,4.0,5.0,5.0,5.0,4.0,,,,,,,12044.610804406335,2022-02-01,62.625,133.125,100.0
202,264,Apex Resort,49.3900432,-119.9047389,Canada,North America,52,December - April,2180,1575,8,33,26,67,5,8,2,2,0,4,4720,Yes,Yes,Yes,No,apex-resort,North America,Canada,British Columbia,http://www.skiresort.info/ski-resort/apex-resort/,2180,8.0,33.0,26.0,,,0.0,0.0,,,"C$ 78,- ","C$ 64,-","C$ 48,-",3.5,3.8,3.6,,,,,,,,,,,,,,,,,,,,,,12113.154836888227,2022-03-01,54.125,-123.625,97.64
203,165,Powder Mountain,48.8773577,-120.7676146,United States,North America,67,November - April,2712,2101,30,50,55,135,0,0,3,6,0,9,13470,Yes,Yes,Yes,No,powder-mountain,North America,USA,Utah,http://www.skiresort.info/ski-resort/powder-mountain/,2712,30.0,50.0,55.0,,,0.0,0.0,0.0,,"US$ 85,- ",0,"US$ 47,-",4.5,4.8,3.2,,,,,,,,,,,,,,,,,,,,,0.0,12193.632234592244,2022-04-01,68.625,-157.375,100.0
204,198,Wenatchee-Mission Ridge,47.4234599,-120.310349,United States,North America,54,November - April,2078,1392,10,60,30,100,3,0,2,4,0,6,4910,Yes,No,Yes,No,wenatchee-mission-ridge,North America,USA,Washington State,http://www.skiresort.info/ski-resort/wenatchee-mission-ridge/,2078,10.0,60.0,30.0,,,0.0,,,,"US$ 63,- ",0,"US$ 43,-",4.0,4.3,3.4,,,,,,,,,,,,,,,,,0.0,,,,,12227.617792342051,2022-05-01,69.125,-163.375,87.8
205,242,Jay Peak,47.6313713,-120.8295337,United States,North America,70,Unknown,1175,563,15,31,30,76,0,0,2,6,1,9,11675,Yes,No,No,No,jay-peak,North America,USA,Vermont,http://www.skiresort.info/ski-resort/jay-peak/,1175,15.0,31.0,30.0,0.0,,0.0,,,0.0,"US$ 82,- ",0,"US$ 64,-",3.7,4.0,3.2,,,,,,,,,,,,,,,,,0.0,,,,,12254.120623851388,2022-01-01,53.375,-125.375,100.0
206,481,Stevens Pass,47.7456352,-121.089171,United States,North America,63,December - April,1750,1170,4,18,15,37,0,0,0,10,0,10,17110,Yes,Yes,Yes,No,stevens-pass,North America,USA,Washington State,http://www.skiresort.info/ski-resort/stevens-pass/,1750,6.0,18.0,15.0,,,0.0,,,,"US$ 74,- ",0,"US$ 50,-",2.9,3.2,3.5,,,,,,,,,,,,,,,,,,,,,,12266.733179937946,2022-12-01,45.375,-119.625,39.76
207,407,The Summit at Snoqualmie,47.424462,-121.417071,United States,North America,67,December - April,1180,800,5,13,9,27,3,0,6,17,0,23,30400,Yes,Yes,Yes,No,the-summit-at-snoqualmie,North America,USA,Washington State,http://www.skiresort.info/ski-resort/the-summit-at-snoqualmie/,1180,5.2,13.7,9.0,,,0.0,,0.0,,"US$ 79,- ","US$ 55,-","US$ 15,-",2.6,2.9,3.2,,,,,,,,,,,,,,,,,0.0,,,,,12303.778483690987,2022-03-01,68.375,163.125,100.0
208,327,Cypress Mountain,49.3976802,-123.2011443,Canada,North America,44,November - April,1440,824,6,22,22,50,4,42,1,6,0,7,10300,Yes,Yes,Yes,No,cypress-mountain,North America,Canada,British Columbia,http://www.skiresort.info/ski-resort/cypress-mountain/,1440,6.6,22.0,22.4,,,0.0,,,,"C$ 75,- ","C$ 54,-","C$ 34,-",3.0,4.0,4.0,5.0,4.0,3.0,3.0,4.0,3.0,4.0,3.0,2.0,1.0,3.0,4.0,4.0,5.0,3.0,,0.0,,,,,12328.99247407802,2022-02-01,67.375,-157.875,99.21
209,293,Mount Washington,49.7528282,-125.2963912,Canada,North America,64,December - April,1588,1083,12,21,27,60,3,0,5,5,0,10,11620,Yes,Yes,Yes,No,mount-washington,North America,Canada,British Columbia,http://www.skiresort.info/ski-resort/mount-washington/,1588,12.0,21.0,27.0,,,0.0,0.0,,,"C$ 89,- ","C$ 74,-","C$ 49,-",3.4,3.7,3.5,,,,,,,,,,,,,,,,,0.0,,,,,12444.94339181262,2022-11-01,42.875,120.625,5.91
210,217,Mammoth Mountain,37.6307692,-119.032634,United States,North America,114,November - June,3369,2424,18,48,22,88,6,120,9,22,3,34,54830,Yes,Yes,No,No,mammoth-mountain,North America,USA,California,http://www.skiresort.info/ski-resort/mammoth-mountain/,3369,18.4,48.5,22.9,,0.0,0.0,0.0,,0.0,"US$ 159,- ","US$ 130,-","US$ 64,-",4.0,5.0,4.0,5.0,4.0,4.0,5.0,5.0,4.0,5.0,4.0,4.0,5.0,4.0,5.0,5.0,5.0,3.0,,,,,,,12520.892884846888,2022-06-01,66.875,168.125,24.8
211,203,Heavenly,33.741419,-117.7555797,United States,North America,120,November - April,3060,2001,18,42,34,94,8,265,8,18,2,28,42790,Yes,Yes,No,No,heavenly,North America,USA,Western United States,http://www.skiresort.info/ski-resort/heavenly/,3060,18.0,42.0,34.0,0.0,0.0,0.0,,0.0,0.0,"US$ 152,- ","US$ 125,-","US$ 90,-",4.0,5.0,4.0,5.0,5.0,3.0,4.0,4.0,4.0,4.0,4.0,4.0,4.0,4.0,4.0,5.0,5.0,1.0,,0.0,,,,,12540.985030222928,2022-01-01,44.875,123.125,100.0
212,200,Northstar California Resort,39.274701,-120.12192,United States,North America,120,November - April,2624,1929,25,45,27,97,4,0,7,10,3,20,28002,Yes,Yes,No,No,northstar-california-resort,North America,USA,Western United States,http://www.skiresort.info/ski-resort/northstar-california-resort/,2624,25.0,45.0,27.0,,0.0,0.0,0.0,,,"US$ 152,- ","US$ 125,-","US$ 90,-",4.0,4.4,4.1,,,,,,,,,,,,,,,,0.0,0.0,,,,0.0,12549.492896489835,2022-05-01,37.625,-119.375,61.81
213,194,Alpine Meadows,39.1785177,-120.2276948,United States,North America,102,November - April,2632,2083,25,40,35,100,5,0,2,11,0,13,16200,Yes,Yes,No,No,alpine-meadows,North America,USA,Western United States,http://www.skiresort.info/ski-resort/alpine-meadows/,2632,25.0,40.0,35.0,,,0.0,0.0,,0.0,"US$ 159,- ","US$ 134,-","US$ 98,-",3.0,5.0,4.0,5.0,5.0,3.0,4.0,4.0,3.0,4.0,3.0,2.0,1.0,4.0,4.0,5.0,5.0,1.0,,,,,,,12561.735177038501,2022-04-01,66.125,-164.625,100.0
214,321,Donner Ski Ranch,39.3188801,-120.331067,United States,North America,59,December - April,2371,2142,13,26,13,52,2,0,0,6,0,6,6500,Yes,No,No,No,donner-ski-ranch,North America,USA,Western United States,http://www.skiresort.info/ski-resort/donner-ski-ranch/,2371,13.0,26.0,13.0,,,0.0,,,,"US$ 69,- ","US$ 59,-","US$ 29,-",3.1,3.5,3.0,,,,,,,,,,,,,,,,,,,,,,12564.676717774148,2022-11-01,66.875,174.125,100.0
215,90,Squaw Valley,36.7402261,-119.246785,United States,North America,102,November - April,2760,1890,25,45,30,100,5,0,6,21,2,29,42932,Yes,Yes,Yes,No,squaw-valley,North America,USA,Western United States,http://www.skiresort.info/ski-resort/squaw-valley/,2760,25.0,45.0,30.0,0.0,0.0,0.0,,0.0,,"US$ 129,- ","US$ 112,-","US$ 78,-",4.0,5.0,4.0,4.0,4.0,3.0,4.0,4.0,3.0,4.0,3.0,3.0,4.0,4.0,5.0,5.0,5.0,3.0,,0.0,,,,,12570.4894823967,2022-11-01,60.375,142.375,100.0
216,263,Bear Valley,37.5688237,-120.1193489,United States,North America,67,December - April,2590,2011,17,27,23,67,0,0,2,8,0,10,11800,Yes,No,No,No,bear-valley,North America,USA,California,http://www.skiresort.info/ski-resort/bear-valley/,2590,17.0,27.0,23.0,,,0.0,,,,"US$ 79,- ","US$ 68,-","US$ 32,-",3.5,3.9,3.4,,,,,,,,,,,,,,,,,0.0,,,,,12613.613957548441,2022-04-01,63.125,151.625,100.0
217,197,Wolf Creek,42.6955158,-123.3952995,United States,North America,56,November - April,3628,3139,20,35,45,100,0,0,2,7,0,9,11200,Yes,No,No,No,wolf-creek,North America,USA,Colorado,http://www.skiresort.info/ski-resort/wolf-creek/,3628,20.0,35.0,45.0,,,0.0,,,0.0,"US$ 70,- ",0,"US$ 36,-",3.9,4.2,3.4,,,,,,,,,,,,,,,,,0.0,,,,,12660.877190672849,2022-10-01,66.125,178.125,100.0
218,278,Alyeska Resort-Girdwood,60.96188655,-149.0808696,United States,North America,68,November - April,840,70,14,31,17,62,4,0,2,6,1,9,11200,Yes,No,Yes,No,alyeska-resort-girdwood,North America,USA,Alaska,http://www.skiresort.info/ski-resort/alyeska-resort-girdwood/,840,14.0,31.0,17.0,0.0,,0.0,,,,"US$ 85,- ","US$ 68,-","US$ 39,-",3.4,3.7,3.5,,,,,,,,,,,,,,,,,0.0,,,0.0,,12743.872018977214,2022-03-01,52.875,133.625,100.0
219,89,Aspen Highlands,61.103269,-149.7406566,United States,North America,124,December - April,3559,2451,24,40,70,134,5,0,0,5,0,5,7085,Yes,No,No,No,aspen-highlands,North America,USA,Colorado,http://www.skiresort.info/ski-resort/aspen-highlands/,3559,24.3,40.5,70.2,,,0.0,,,,"US$ 169,- ",0,"US$ 112,-",4.0,5.0,4.0,5.0,4.0,2.0,4.0,4.0,4.0,5.0,4.0,3.0,4.0,2.0,3.0,5.0,2.0,3.0,,,,,,0.0,12750.738405982804,2022-01-01,65.125,-172.875,100.0
220,320,Eldora Mountain,37.3862661,-122.0726046,United States,North America,80,November - April,3292,2804,11,26,15,52,0,0,3,8,0,11,13020,Yes,Yes,Yes,No,eldora-mountain,North America,USA,Colorado,http://www.skiresort.info/ski-resort/eldora-mountain/,3292,11.0,26.0,15.0,,,0.0,0.0,0.0,,"US$ 94,- ",0,"US$ 54,-",3.1,3.4,3.0,,,,,,,,,,,,,,,,,,,,,,12782.412486406483,2022-05-01,63.875,163.375,100.0
221,475,Sun Mountain-Yabuli,44.9293976,128.6043934,China,Asia,0,November - April,1375,457,3,19,13,35,0,0,4,2,0,6,13776,Yes,No,No,No,sun-mountain-yabuli,Asia,China,Heilongjiang,http://www.skiresort.info/ski-resort/sun-mountain-yabuli/,1375,3.0,19.0,13.0,,0.0,0.0,,,,0,0,0,2.9,3.1,4.5,,,,,,,,,,,,,,,,0.0,,,,,,12922.478975062646,2022-10-01,62.125,-160.875,100.0
222,384,YongPyong Resort,37.645906,128.681814,South Korea,Asia,57,November - April,1438,700,2,11,10,23,0,0,1,14,1,16,27400,Yes,No,Yes,No,yongpyong-resort,Asia,South Korea,Gangwon-do,http://www.skiresort.info/ski-resort/yongpyong-resort/,1438,2.8,11.4,10.0,,0.0,0.0,,,0.0,"KRW 76000,- ",0,"KRW 61000,-",2.6,2.9,3.9,,,,,,,,,,,,,,,,,,,,,,13305.725518069288,2022-04-01,57.375,-156.625,100.0
223,387,High1 Resort,37.207294,128.824816,South Korea,Asia,0,December - April,1367,690,4,7,9,20,0,0,1,6,4,11,26685,Yes,No,No,No,high1-resort,Asia,South Korea,Gangwon-do,http://www.skiresort.info/ski-resort/high1-resort/,1367,4.0,7.5,9.5,,0.0,0.0,0.0,,,0,0,0,2.5,2.8,4.3,,,,,,,,,,,,,,,,,,,,,,13338.457817235369,2022-02-01,35.125,127.625,0.39
224,347,Rusutsu,42.7374243,140.8754821,Japan,Asia,45,November - April,994,400,12,16,12,40,0,0,3,14,4,21,31128,Yes,Yes,Yes,No,rusutsu,Asia,Japan,Hokkaido,http://www.skiresort.info/ski-resort/rusutsu/,994,12.6,16.8,12.6,,0.0,0.0,,,0.0,"¥ 5900,- ",0,"¥ 3000,-",3.0,3.4,4.4,,,,,,,,,,,,,,,,,0.0,,,,,13869.930550579758,2022-01-01,33.125,132.875,11.02
225,392,Furano,43.3419744,142.383188,Japan,Asia,42,November - May,1202,245,15,13,2,30,0,0,2,8,2,12,12650,Yes,Yes,Yes,No,furano,Asia,Japan,Hokkaido,http://www.skiresort.info/ski-resort/furano/,1202,15.0,13.0,2.0,0.0,0.0,0.0,,,,"¥ 5500,- ",0,0,2.8,3.0,3.6,,,,,,,,,,,,,,,,,0.0,,,,,13918.845630648624,2022-04-01,44.125,143.375,11.81
226,399,Hoshino Resorts Tomamu,43.065765,142.63264,Japan,Asia,42,Unknown,1239,520,7,7,6,20,0,0,0,10,1,11,12400,Yes,No,No,No,hoshino-resorts-tomamu,Asia,Japan,Hokkaido,http://www.skiresort.info/ski-resort/hoshino-resorts-tomamu/,1239,7.4,7.6,6.0,,0.0,0.0,,,,"¥ 5400,- ",0,"¥ 3800,-",2.5,2.9,3.5,,,,,,,,,,,,,,,,,,,,,,13954.38068323366,2022-12-01,33.875,134.375,7.87
227,415,Kiroro,34.7525668,135.4329789,Japan,Asia,42,Unknown,1180,570,8,10,10,28,0,0,0,8,1,9,13800,Yes,No,Yes,No,kiroro,Asia,Japan,Hokkaido,http://www.skiresort.info/ski-resort/kiroro/,1180,8.6,10.6,10.8,,0.0,0.0,,,,"¥ 5500,- ","¥ 4900,-","¥ 2800,-",2.8,3.2,4.6,,,,,,,,,,,,,,,,,,,,,,13991.386792253597,2022-01-01,35.375,135.875,100.0
228,323,Happo-One-Hakuba,36.7035607,137.8226173,Japan,Asia,40,December - May,1831,760,16,26,10,52,0,0,0,21,1,22,29100,Yes,Yes,Yes,No,happo-one-hakuba,Asia,Japan,Honshu,http://www.skiresort.info/ski-resort/happo-one-hakuba/,1831,16.0,26.0,10.0,,0.0,0.0,,,,"¥ 5200,- ",0,"¥ 3000,-",3.3,3.6,3.3,,,,,,,,,,,,,,,,,,,,,,14060.7810185376,2022-02-01,34.125,135.875,3.94
229,345,Appi Kogen,40.0123954,140.9976755,Japan,Asia,43,Unknown,1328,500,13,18,13,44,0,0,2,14,2,18,23800,Yes,No,No,No,appi-kogen,Asia,Japan,Honshu,http://www.skiresort.info/ski-resort/appi-kogen/,1328,13.6,18.0,13.5,,0.0,0.0,0.0,,,"¥ 5600,- ",0,"¥ 3300,-",3.1,3.5,3.8,,,,,,,,,,,,,,,,,,,,,,14069.153950648819,2022-12-01,33.625,135.625,15.75
230,360,Myoko Akakura,36.89304245,138.1795517,Japan,Asia,39,Unknown,1491,687,9,8,2,19,0,0,2,20,1,23,37400,Yes,Yes,Yes,No,myoko-akakura,Asia,Japan,Honshu,http://www.skiresort.info/ski-resort/myoko-akakura/,1491,9.0,8.4,2.6,,0.0,0.0,,,,"¥ 4800,- ",0,"¥ 1000,-",2.5,2.8,3.9,,,,,,,,,,,,,,,,,0.0,,,,,14075.570974241557,2022-01-01,37.125,138.375,99.21
231,362,Nozawa Onsen,36.91722415,138.4640226,Japan,Asia,37,November - April,1650,565,22,13,9,44,0,0,1,15,3,19,29772,Yes,Yes,Yes,No,nozawa-onsen,Asia,Japan,Honshu,http://www.skiresort.info/ski-resort/nozawa-onsen/,1650,22.1,13.0,9.4,,0.0,0.0,,,0.0,"¥ 4800,- ",0,"¥ 2200,-",3.1,3.4,3.9,,,,,,,,,,,,,,,,,0.0,,,,,14095.036932553317,2022-03-01,35.875,137.625,14.57
232,229,Shigakogen Mountain Resort,36.716356,138.492755,Japan,Asia,39,December - May,2307,1335,41,30,12,83,0,0,0,54,4,58,83750,Yes,Yes,Yes,No,shigakogen-mountain-resort,Asia,Japan,Honshu,http://www.skiresort.info/ski-resort/shigakogen-mountain-resort/,2307,41.0,30.0,12.0,,0.0,0.0,,,,"¥ 5000,- ","¥ 4200,-","¥ 2500,-",3.8,4.1,3.6,,,,,,,,,,,,,,,,,,,,,,14109.674348794677,2022-05-01,36.875,138.625,0.39
233,340,Zao Onsen,38.1679266,140.4003442,Japan,Asia,39,December - May,1661,780,20,20,10,50,0,0,0,38,4,42,50000,Yes,Yes,No,No,zao-onsen,Asia,Japan,Honshu,http://www.skiresort.info/ski-resort/zao-onsen/,1661,20.0,20.0,10.0,0.0,0.0,0.0,,,,"¥ 5000,- ",0,"¥ 3000,-",3.2,3.5,3.4,,,,,,,,,,,,,,,,,,,,,,14153.46759754984,2022-01-01,37.875,140.125,99.61
234,208,Falls Creek,-36.878683,147.2441791,Australia,Oceania,87,June - September,1780,1500,15,65,12,92,3,0,6,8,0,14,19992,Yes,Yes,Yes,Yes,falls-creek,Australia and Oceania,Australia,Victoria,http://www.skiresort.info/ski-resort/falls-creek/,1780,15.0,65.0,12.0,,,0.0,0.0,,0.0,"AU$ 129,- ",0,"AU$ 72,-",3.8,4.1,3.1,,,,,,,,,,,,,,,,,,,,,0.0,14708.48230338555,2022-07-01,-36.625,146.875,13.39
235,253,Thredbo,-36.5047751,148.3057091,Australia,Oceania,84,June - September,2037,1365,7,60,3,70,5,177,7,7,0,14,17050,Yes,Yes,No,Yes,thredbo,Australia and Oceania,Australia,New South Wales,http://www.skiresort.info/ski-resort/thredbo/,2037,7.0,60.0,3.0,,,0.0,0.0,,0.0,"AU$ 125,- ",0,"AU$ 71,-",3.6,3.8,3.4,,,,,,,,,,,,,,,,,0.0,,,,,14805.775213750409,2022-09-01,-45.625,167.875,14.57
236,196,Perisher,-36.3961667,148.408582,Australia,Oceania,0,June - October,1605,1125,22,60,18,100,3,271,34,14,1,49,46975,Yes,Yes,Yes,Yes,perisher,Australia and Oceania,Australia,New South Wales,http://www.skiresort.info/ski-resort/perisher/,2034,22.0,60.0,18.0,,,0.0,0.0,0.0,,0,0,0,3.9,4.2,2.6,,,,,,,,,,,,,,,,,0.0,0.0,,,,14820.781284937826,2022-07-01,-45.625,168.625,13.78
237,30,The Remarkables,-45.0549597,168.8158586,New Zealand,Oceania,74,June - October,1943,1586,3,4,3,10,1,0,3,4,0,7,8400,Yes,Yes,No,Yes,the-remarkables,Australia and Oceania,New Zealand,South Island,http://www.skiresort.info/ski-resort/the-remarkables/,1943,3.0,4.0,3.0,,,0.0,,,,"NZ$ 119,- ",0,"NZ$ 55,-",2.0,2.4,3.4,,,,,,,,,,,,,,,,,0.0,,,,,14885.557570242996,2022-07-01,-45.125,169.125,11.02
238,48,Coronet Peak,-44.9158907,168.7395712,New Zealand,Oceania,74,June - October,1649,1229,8,16,16,40,0,202,5,3,0,8,7200,Yes,Yes,Yes,Yes,coronet-peak,Australia and Oceania,New Zealand,South Island,http://www.skiresort.info/ski-resort/coronet-peak/,1649,8.0,16.0,16.0,,,0.0,0.0,,0.0,"NZ$ 119,- ",0,"NZ$ 55,-",2.9,3.2,4.0,,,,,,,,,,,,,,,,,0.0,,,,,14898.824764548426,2022-07-01,-45.125,169.875,9.84
239,16,Treble Cone,-44.6323751,168.8728247,New Zealand,Oceania,68,June - October,1960,1260,4,9,9,22,0,32,2,2,0,4,4520,No,Yes,No,Yes,treble-cone,Australia and Oceania,New Zealand,South Island,http://www.skiresort.info/ski-resort/treble-cone/,1960,4.0,9.0,9.0,,,0.0,0.0,,0.0,"NZ$ 110,- ",0,"NZ$ 55,-",2.6,2.9,3.6,,,,,,,,,,,,,,,,,,,,,,14932.020225052696,2022-08-01,-44.625,168.875,100.0
